Month,FY,Territory,Sales_Rep,Product,Primary_Sales,Secondary_Sales,Revenue,Target,Doctor_Visits,Marketing_Spend,Bonus_Expense
2024-04,FY2024-25,North,Amit Singh,Spasmofirst,1880,1204,180777.92867172396,1440.0,70.0,20832.290311184184,0.0
2024-04,FY2024-25,North,Amit Singh,Wokderm Plus,1349,785,171806.23450473387,1080.0,72.0,23417.02254926717,3049.5128632644755
2024-04,FY2024-25,North,Amit Singh,Decdan Lite,1025,538,189820.19675307727,840.0,60.0,17841.85194318133,2399.3475643167194
2024-04,FY2024-25,North,Raj Kumar,Spasmofirst,1326,801,127581.14845323646,1440.0,51.0,18260.20637194112,3931.2640661491187
2024-04,FY2024-25,North,Raj Kumar,Wokderm Plus,1035,606,134498.91490139085,1080.0,47.0,24975.88455055635,0.0
2024-04,FY2024-25,North,Raj Kumar,Decdan Lite,821,533,153104.03758771604,840.0,45.0,18072.24487624012,2369.708911051054
2024-04,FY2024-25,North,Priya Verma,Spasmofirst,1521,921,145856.47867292177,1440.0,51.0,19085.396127095584,2713.5066533871786
2024-04,FY2024-25,North,Priya Verma,Wokderm Plus,1046,571,136565.06589604262,1080.0,60.0,22872.753218398855,3544.489538593315
2024-04,FY2024-25,North,Priya Verma,Decdan Lite,900,586,170944.98113312243,840.0,58.0,16617.12861429047,3246.596253655116
2024-04,FY2024-25,North,Vikram Joshi,Spasmofirst,843,564,82644.74769857455,1440.0,28.0,21548.85097030531,2239.1884918766036
2024-04,FY2024-25,North,Vikram Joshi,Wokderm Plus,682,486,88931.5660223217,1080.0,62.0,24637.705091792748,0.0
2024-04,FY2024-25,North,Vikram Joshi,Decdan Lite,468,285,87284.1993911642,840.0,32.0,18030.85448819293,2498.5844582977497
2024-04,FY2024-25,North,Sunil Patel,Spasmofirst,958,549,95010.43636868233,1440.0,43.0,21485.84236075087,2373.140117772072
2024-04,FY2024-25,North,Sunil Patel,Wokderm Plus,804,550,105359.24021051462,1080.0,41.0,24090.017374859322,0.0
2024-04,FY2024-25,North,Sunil Patel,Decdan Lite,623,359,118750.80941271914,840.0,39.0,17702.679611335607,2239.7307346673656
2024-04,FY2024-25,South,Ravi Menon,Spasmofirst,1685,1021,165621.63908837966,1320.0,51.0,19454.518409517175,3924.8945898842226
2024-04,FY2024-25,South,Ravi Menon,Wokderm Plus,1080,646,138120.95910706674,990.0000000000001,68.0,25013.39511614431,0.0
2024-04,FY2024-25,South,Ravi Menon,Decdan Lite,883,520,163558.99936517703,770.0000000000001,70.0,17962.029936999228,2484.110543023001
2024-04,FY2024-25,South,Lakshmi Reddy,Spasmofirst,1337,756,129668.081588938,1320.0,68.0,20143.098736299034,0.0
2024-04,FY2024-25,South,Lakshmi Reddy,Wokderm Plus,1134,630,143598.8732942992,990.0000000000001,52.0,25454.464715941212,2033.1756578557124
2024-04,FY2024-25,South,Lakshmi Reddy,Decdan Lite,789,412,146322.0525454368,770.0000000000001,49.0,19572.227959452244,2682.1327021005172
2024-04,FY2024-25,South,Krishna Rao,Spasmofirst,1258,736,123439.91372665289,1320.0,56.0,21268.888800804863,3059.301156712013
2024-04,FY2024-25,South,Krishna Rao,Wokderm Plus,894,575,114583.4379872993,990.0000000000001,62.0,26985.55129976289,3559.7510917152476
2024-04,FY2024-25,South,Krishna Rao,Decdan Lite,666,410,122684.6092766071,770.0000000000001,58.0,16565.297554317716,2010.1231676924374
2024-04,FY2024-25,South,Anita Nair,Spasmofirst,1043,578,100623.70811321073,1320.0,53.0,20598.53159618886,3315.225784600687
2024-04,FY2024-25,South,Anita Nair,Wokderm Plus,733,427,93668.92961123523,990.0000000000001,38.0,23719.94821689542,2786.1954493335206
2024-04,FY2024-25,South,Anita Nair,Decdan Lite,653,418,122711.64271583143,770.0000000000001,42.0,16902.87475607296,2561.5447248817118
2024-04,FY2024-25,South,Suresh Kumar,Spasmofirst,935,554,92864.15679764275,1320.0,42.0,21854.479908357014,2588.8977841391716
2024-04,FY2024-25,South,Suresh Kumar,Wokderm Plus,601,403,76504.04412631303,990.0000000000001,41.0,25980.148983374867,2194.352987541537
2024-04,FY2024-25,South,Suresh Kumar,Decdan Lite,490,346,92957.7122962099,770.0000000000001,36.0,18709.256667582962,2718.9823024395105
2024-04,FY2024-25,East,Arjun Das,Spasmofirst,1235,709,120467.1306641137,960.0,79.0,20599.85572311106,3591.585338872202
2024-04,FY2024-25,East,Arjun Das,Wokderm Plus,863,395,111675.58773026725,720.0,55.0,22679.71136898371,3085.2892694151533
2024-04,FY2024-25,East,Arjun Das,Decdan Lite,636,329,121046.48745765185,560.0,60.0,18080.075736197297,2431.6420549936865
2024-04,FY2024-25,East,Sneha Bose,Spasmofirst,911,496,89310.77469703299,960.0,51.0,20904.36533489065,3032.6006966023906
2024-04,FY2024-25,East,Sneha Bose,Wokderm Plus,676,400,85733.58841114283,720.0,60.0,24544.764722071348,2312.8740853421723
2024-04,FY2024-25,East,Sneha Bose,Decdan Lite,579,399,107836.42425510907,560.0,59.0,19637.515010387502,3108.7081050228016
2024-04,FY2024-25,East,Rahul Mitra,Spasmofirst,902,441,86236.73341430175,960.0,54.0,18391.336642604005,2946.9435415611315
2024-04,FY2024-25,East,Rahul Mitra,Wokderm Plus,771,330,99996.45117686581,720.0,46.0,22726.520048860224,3251.719831428473
2024-04,FY2024-25,East,Rahul Mitra,Decdan Lite,566,333,104524.57540329128,560.0,54.0,18308.79209258447,3150.948355751758
2024-04,FY2024-25,East,Pooja Ghosh,Spasmofirst,793,442,78571.12793037752,960.0,52.0,18783.164539157187,0.0
2024-04,FY2024-25,East,Pooja Ghosh,Wokderm Plus,567,309,74152.00859480955,720.0,42.0,25983.685826820758,3754.944027054106
2024-04,FY2024-25,East,Pooja Ghosh,Decdan Lite,456,210,86541.33093583972,560.0,54.0,19104.605061362152,2825.235353822853
2024-04,FY2024-25,East,Manoj Roy,Spasmofirst,677,370,65820.02293047826,960.0,45.0,18412.49547534373,3010.5047448957143
2024-04,FY2024-25,East,Manoj Roy,Wokderm Plus,532,314,67285.1906538316,720.0,36.0,27026.909882096323,0.0
2024-04,FY2024-25,East,Manoj Roy,Decdan Lite,456,292,84973.6721049977,560.0,48.0,18908.548305975648,3579.236285589108
2024-04,FY2024-25,West,Sanjay Gandhi,Spasmofirst,1326,799,128982.63083480229,1200.0,61.0,21550.816731033203,2234.134032855212
2024-04,FY2024-25,West,Sanjay Gandhi,Wokderm Plus,1048,696,133034.99907321567,900.0,68.0,22863.81503182097,3412.4844543129925
2024-04,FY2024-25,West,Sanjay Gandhi,Decdan Lite,773,391,147064.02419622324,700.0,55.0,19610.09487858189,3506.756370517883
2024-04,FY2024-25,West,Neha Shah,Spasmofirst,1122,746,109063.41066806292,1200.0,51.0,19874.642567976505,0.0
2024-04,FY2024-25,West,Neha Shah,Wokderm Plus,835,517,108775.108966803,900.0,47.0,25416.8438254858,2749.741159047408
2024-04,FY2024-25,West,Neha Shah,Decdan Lite,695,439,133010.19852147278,700.0,56.0,16465.667633047437,3938.605071238198
2024-04,FY2024-25,West,Vivek Desai,Spasmofirst,1155,671,113187.08537173865,1200.0,70.0,20337.257247692403,2090.8927606829157
2024-04,FY2024-25,West,Vivek Desai,Wokderm Plus,950,529,121458.7225589735,900.0,54.0,24266.761140130267,2155.46927392997
2024-04,FY2024-25,West,Vivek Desai,Decdan Lite,638,287,121384.91238885891,700.0,58.0,18665.032221193964,3821.854368987685
2024-04,FY2024-25,West,Rita Patel,Spasmofirst,1154,685,114162.50714108553,1200.0,63.0,21949.10451725978,3188.2614307042704
2024-04,FY2024-25,West,Rita Patel,Wokderm Plus,826,489,106190.9470900835,900.0,64.0,23867.03535965353,0.0
2024-04,FY2024-25,West,Rita Patel,Decdan Lite,672,405,127627.3887251978,700.0,51.0,16664.973894545383,3212.3492689017603
2024-04,FY2024-25,West,Ajay Thakkar,Spasmofirst,726,358,69690.82696655403,1200.0,48.0,20686.2927823712,3544.6367834712787
2024-04,FY2024-25,West,Ajay Thakkar,Wokderm Plus,602,418,77847.29283973979,900.0,36.0,23170.076142253205,0.0
2024-04,FY2024-25,West,Ajay Thakkar,Decdan Lite,507,378,94171.5177894158,700.0,45.0,16690.93731211237,0.0
2024-05,FY2024-25,North,Amit Singh,Spasmofirst,1785,1721,176851.05075171826,1440.0,69.0,21134.612050964573,1122.0867002278735
2024-05,FY2024-25,North,Amit Singh,Wokderm Plus,1212,1266,154836.07974487063,1080.0,74.0,24795.67878119131,992.6180939928696
2024-05,FY2024-25,North,Amit Singh,Decdan Lite,934,1003,0.0,840.0,59.0,17444.40221996591,973.9616402628724
2024-05,FY2024-25,North,Raj Kumar,Spasmofirst,1419,1355,136565.04372103594,1440.0,50.0,18354.810135028223,960.7787680327258
2024-05,FY2024-25,North,Raj Kumar,Wokderm Plus,1057,934,137391.43624272398,1080.0,51.0,26867.893120533885,561.0779598548637
2024-05,FY2024-25,North,Raj Kumar,Decdan Lite,832,858,154360.01150459348,840.0,63.0,16953.65756401216,984.5229851910213
2024-05,FY2024-25,North,Priya Verma,Spasmofirst,1463,1473,139998.9533507329,1440.0,63.0,21580.827350748797,1032.1134852653156
2024-05,FY2024-25,North,Priya Verma,Wokderm Plus,1002,1095,127926.4900943527,1080.0,36.0,23846.216154746904,520.0711977777264
2024-05,FY2024-25,North,Priya Verma,Decdan Lite,793,781,146738.4108209235,840.0,58.0,18644.768348920163,998.4421989290572
2024-05,FY2024-25,North,Vikram Joshi,Spasmofirst,1117,955,107965.56297843099,1440.0,41.0,19452.329185594543,1070.778304668912
2024-05,FY2024-25,North,Vikram Joshi,Wokderm Plus,808,763,103136.42491824905,1080.0,38.0,23432.835120256528,673.3735952947549
2024-05,FY2024-25,North,Vikram Joshi,Decdan Lite,624,564,116829.36255223228,840.0,36.0,19736.563020870984,0.0
2024-05,FY2024-25,North,Sunil Patel,Spasmofirst,1003,998,96845.4884885517,1440.0,43.0,21717.503956510343,1071.6126894698998
2024-05,FY2024-25,North,Sunil Patel,Wokderm Plus,696,706,89150.76866245274,1080.0,44.0,24627.182193082088,742.4097324150803
2024-05,FY2024-25,North,Sunil Patel,Decdan Lite,506,592,95386.35675493946,840.0,39.0,18117.32195718571,0.0
2024-05,FY2024-25,South,Ravi Menon,Spasmofirst,1607,1688,155144.75937560093,1320.0,63.0,20726.01088889572,1095.6387406078443
2024-05,FY2024-25,South,Ravi Menon,Wokderm Plus,1097,1038,143944.3583115977,990.0000000000001,70.0,27191.70228410519,566.4962673667775
2024-05,FY2024-25,South,Ravi Menon,Decdan Lite,896,949,165932.50614771998,770.0000000000001,70.0,19062.962322695606,663.6559428657044
2024-05,FY2024-25,South,Lakshmi Reddy,Spasmofirst,1214,1366,117696.61881013114,1320.0,50.0,21266.397757886312,876.9444294249076
2024-05,FY2024-25,South,Lakshmi Reddy,Wokderm Plus,1013,1113,130691.2196966446,990.0000000000001,45.0,23661.06347573409,883.8912213732115
2024-05,FY2024-25,South,Lakshmi Reddy,Decdan Lite,713,781,131919.69184553638,770.0000000000001,53.0,17405.66021276551,1294.0251892702959
2024-05,FY2024-25,South,Krishna Rao,Spasmofirst,1309,1297,125849.26542852366,1320.0,58.0,19246.888271182193,1243.946292572677
2024-05,FY2024-25,South,Krishna Rao,Wokderm Plus,1012,984,132515.4400139189,990.0000000000001,64.0,23053.158684776037,627.4886623319824
2024-05,FY2024-25,South,Krishna Rao,Decdan Lite,733,683,136239.08420565474,770.0000000000001,59.0,18800.10924621504,1141.1476328852973
2024-05,FY2024-25,South,Anita Nair,Spasmofirst,1114,1160,108449.9304145123,1320.0,53.0,20445.816941738594,0.0
2024-05,FY2024-25,South,Anita Nair,Wokderm Plus,1023,912,133005.05677098248,990.0000000000001,58.0,27112.49690588648,652.5390429142614
2024-05,FY2024-25,South,Anita Nair,Decdan Lite,650,745,123290.12466872102,770.0000000000001,44.0,19745.428316264406,624.6626812032669
2024-05,FY2024-25,South,Suresh Kumar,Spasmofirst,1011,1107,98174.27776108953,1320.0,48.0,18219.046555288125,1302.8534485980115
2024-05,FY2024-25,South,Suresh Kumar,Wokderm Plus,703,579,90822.65180174526,990.0000000000001,42.0,24234.76600948114,952.2179408898071
2024-05,FY2024-25,South,Suresh Kumar,Decdan Lite,610,505,113135.31200025427,770.0000000000001,43.0,17994.12398186213,1414.8459010681
2024-05,FY2024-25,East,Arjun Das,Spasmofirst,1181,1162,113529.27565775806,960.0,61.0,21987.49700738379,1095.3850173200437
2024-05,FY2024-25,East,Arjun Das,Wokderm Plus,829,755,105679.69353171145,720.0,73.0,23453.438603318333,0.0
2024-05,FY2024-25,East,Arjun Das,Decdan Lite,634,593,118906.01457116655,560.0,46.0,17642.747019151175,655.2402459307125
2024-05,FY2024-25,East,Sneha Bose,Spasmofirst,922,798,90412.79355757884,960.0,56.0,19634.93668439239,0.0
2024-05,FY2024-25,East,Sneha Bose,Wokderm Plus,685,635,87382.2828035682,720.0,58.0,22598.552688771822,0.0
2024-05,FY2024-25,East,Sneha Bose,Decdan Lite,474,472,87637.57631478216,560.0,44.0,17075.419887598036,1355.6964681062857
2024-05,FY2024-25,East,Rahul Mitra,Spasmofirst,920,829,91122.05291685378,960.0,61.0,19685.698202369993,1317.4435617384408
2024-05,FY2024-25,East,Rahul Mitra,Wokderm Plus,676,617,86394.96886937272,720.0,47.0,25620.744539245672,1052.04718085198
2024-05,FY2024-25,East,Rahul Mitra,Decdan Lite,575,524,106487.17711170987,560.0,58.0,19420.388016818728,925.2135044692334
2024-05,FY2024-25,East,Pooja Ghosh,Spasmofirst,746,684,74144.31970453891,960.0,38.0,20102.760729210742,772.3073265193689
2024-05,FY2024-25,East,Pooja Ghosh,Wokderm Plus,452,475,58661.16080016082,720.0,38.0,22554.979143292403,1400.018641848105
2024-05,FY2024-25,East,Pooja Ghosh,Decdan Lite,440,483,81602.43983325889,560.0,54.0,19491.88300532986,883.1385282494975
2024-05,FY2024-25,East,Manoj Roy,Spasmofirst,684,553,66965.16856721253,960.0,,19154.7749470828,1219.0459051842454
2024-05,FY2024-25,East,Manoj Roy,Wokderm Plus,447,397,58670.55653034734,720.0,61.0,26162.860486051253,531.1831350612847
2024-05,FY2024-25,East,Manoj Roy,Decdan Lite,368,368,69415.05647370503,560.0,49.0,16583.753711281577,0.0
2024-05,FY2024-25,West,Sanjay Gandhi,Spasmofirst,1425,1354,137528.12929972634,1200.0,84.0,21276.4092706968,1194.6964708544267
2024-05,FY2024-25,West,Sanjay Gandhi,Wokderm Plus,1018,1087,129176.62964133601,900.0,69.0,23425.6646441931,1372.9458358764082
2024-05,FY2024-25,West,Sanjay Gandhi,Decdan Lite,890,871,168517.1840864354,700.0,79.0,19257.10434563515,989.4249636431405
2024-05,FY2024-25,West,Neha Shah,Spasmofirst,1127,1135,108478.53281443818,1200.0,59.0,18135.783914343196,797.3490073725508
2024-05,FY2024-25,West,Neha Shah,Wokderm Plus,850,900,111161.19366197482,900.0,52.0,24095.50236621628,537.0076347154926
2024-05,FY2024-25,West,Neha Shah,Decdan Lite,683,672,126164.01971993303,700.0,44.0,18809.16037750354,0.0
2024-05,FY2024-25,West,Vivek Desai,Spasmofirst,1164,1127,114061.49649247345,1200.0,62.0,21543.91099294475,732.9594747536338
2024-05,FY2024-25,West,Vivek Desai,Wokderm Plus,826,928,108425.37678189372,900.0,63.0,24509.65456804621,1127.50546321837
2024-05,FY2024-25,West,Vivek Desai,Decdan Lite,639,554,121209.1422218162,700.0,39.0,17059.59772476589,0.0
2024-05,FY2024-25,West,Rita Patel,Spasmofirst,968,1054,93943.30995835723,1200.0,38.0,21799.844735800903,589.4110023122595
2024-05,FY2024-25,West,Rita Patel,Wokderm Plus,764,904,97243.36790364202,900.0,42.0,27455.843130684887,1442.7317741351258
2024-05,FY2024-25,West,Rita Patel,Decdan Lite,591,746,109852.54715417858,700.0,43.0,16871.177743719316,850.1252591667301
2024-05,FY2024-25,West,Ajay Thakkar,Spasmofirst,740,805,72715.71550370325,1200.0,31.0,18615.58362535942,724.4405718366606
2024-05,FY2024-25,West,Ajay Thakkar,Wokderm Plus,658,682,85153.91509974755,900.0,31.0,26943.74039934489,1362.1276172654507
2024-05,FY2024-25,West,Ajay Thakkar,Decdan Lite,435,496,80386.16973205996,700.0,52.0,17670.43156705452,759.7537837603262
2024-06,FY2024-25,North,Amit Singh,Spasmofirst,1866,1844,184490.87319629852,1440.0,42.0,20369.631138638073,847.8092079021931
2024-06,FY2024-25,North,Amit Singh,Wokderm Plus,1296,1180,169716.035025552,1080.0,74.0,26487.13010803464,1350.5817290942418
2024-06,FY2024-25,North,Amit Singh,Decdan Lite,1077,1045,203966.77855986115,840.0,78.0,18909.77990240751,1380.8707591989285
2024-06,FY2024-25,North,Raj Kumar,Spasmofirst,1500,1459,145285.44529741598,1440.0,60.0,20974.03302516643,1317.9670241190622
2024-06,FY2024-25,North,Raj Kumar,Wokderm Plus,1112,1090,142226.04184510699,1080.0,60.0,25659.067635083342,1134.0057030996113
2024-06,FY2024-25,North,Raj Kumar,Decdan Lite,862,834,163660.9454865069,840.0,60.0,18148.559683233998,841.8721660386861
2024-06,FY2024-25,North,Priya Verma,Spasmofirst,1404,1437,135800.15610717397,1440.0,53.0,20328.681840705096,1120.915517767477
2024-06,FY2024-25,North,Priya Verma,Wokderm Plus,1048,1047,132621.11817639592,1080.0,52.0,22610.617757644988,988.6431904046658
2024-06,FY2024-25,North,Priya Verma,Decdan Lite,815,900,151751.841089375,840.0,46.0,19061.314375499747,720.7696127887604
2024-06,FY2024-25,North,Vikram Joshi,Spasmofirst,1057,1113,184610.45416226445,1440.0,42.0,20554.103790656343,774.21520234867
2024-06,FY2024-25,North,Vikram Joshi,Wokderm Plus,865,831,110379.67938793427,1080.0,33.0,26821.79124919819,1468.1934279147217
2024-06,FY2024-25,North,Vikram Joshi,Decdan Lite,679,674,128966.71278877005,840.0,46.0,19241.219621220796,1126.2203216314153
2024-06,FY2024-25,North,Sunil Patel,Spasmofirst,917,986,90468.00631371811,1440.0,28.0,18500.743168810204,930.3058948994627
2024-06,FY2024-25,North,Sunil Patel,Wokderm Plus,686,652,88784.15908964051,1080.0,37.0,23844.96702217549,810.3619589235738
2024-06,FY2024-25,North,Sunil Patel,Decdan Lite,523,395,98664.86757194463,840.0,45.0,19296.44062988114,2079.2376506967144
2024-06,FY2024-25,South,Ravi Menon,Spasmofirst,1632,1621,159872.03761778798,1320.0,59.0,20809.859882176417,509.77084741918367
2024-06,FY2024-25,South,Ravi Menon,Wokderm Plus,1140,1124,146181.32786014487,990.0000000000001,60.0,25337.70424130779,1300.586699109083
2024-06,FY2024-25,South,Ravi Menon,Decdan Lite,897,966,165388.32311366507,770.0000000000001,76.0,19570.364086477286,0.0
2024-06,FY2024-25,South,Lakshmi Reddy,Spasmofirst,1293,1295,127589.02420449603,1320.0,64.0,18320.4593855387,1047.5923761537363
2024-06,FY2024-25,South,Lakshmi Reddy,Wokderm Plus,1034,1129,133526.869813265,990.0000000000001,50.0,26157.94760877666,0.0
2024-06,FY2024-25,South,Lakshmi Reddy,Decdan Lite,706,684,134630.19365227394,770.0000000000001,47.0,19042.914625712925,998.195716453139
2024-06,FY2024-25,South,Krishna Rao,Spasmofirst,1259,1280,121277.2233883072,1320.0,56.0,20720.912969725166,0.0
2024-06,FY2024-25,South,Krishna Rao,Wokderm Plus,932,880,121999.06667120954,990.0000000000001,63.0,24627.466672240378,871.0387629846027
2024-06,FY2024-25,South,Krishna Rao,Decdan Lite,801,695,151864.0222971198,770.0000000000001,72.0,17952.008189128934,1400.7018640112585
2024-06,FY2024-25,South,Anita Nair,Spasmofirst,1132,1062,110950.81205966446,1320.0,43.0,20863.299858728355,679.683108870242
2024-06,FY2024-25,South,Anita Nair,Wokderm Plus,837,910,106881.31123186137,990.0000000000001,57.0,26853.749506362557,1014.8173539296902
2024-06,FY2024-25,South,Anita Nair,Decdan Lite,596,633,111500.4958223669,770.0000000000001,37.0,18984.503252471764,1469.8210450785446
2024-06,FY2024-25,South,Suresh Kumar,Spasmofirst,950,869,93843.51287059506,1320.0,42.0,19723.550094647224,1117.14498660403
2024-06,FY2024-25,South,Suresh Kumar,Wokderm Plus,682,672,86347.49115195037,990.0000000000001,46.0,24873.15437874907,1305.6701529500533
2024-06,FY2024-25,South,Suresh Kumar,Decdan Lite,587,581,108585.13127346388,770.0000000000001,43.0,17171.098601461163,0.0
2024-06,FY2024-25,East,Arjun Das,Spasmofirst,1282,1091,125031.17259648023,960.0,76.0,19818.959422535438,988.8465802569201
2024-06,FY2024-25,East,Arjun Das,Wokderm Plus,886,799,115086.89146137751,720.0,60.0,27349.56023053635,0.0
2024-06,FY2024-25,East,Arjun Das,Decdan Lite,721,588,136519.74696964788,560.0,68.0,18424.250064724372,1070.6097466388296
2024-06,FY2024-25,East,Sneha Bose,Spasmofirst,937,859,91938.11517387119,960.0,60.0,19575.457622616635,606.5930303079907
2024-06,FY2024-25,East,Sneha Bose,Wokderm Plus,643,633,83883.92114984726,720.0,64.0,26892.57780650674,827.0331615632388
2024-06,FY2024-25,East,Sneha Bose,Decdan Lite,521,494,97643.65482514384,560.0,56.0,19144.203178230076,1044.4890979608494
2024-06,FY2024-25,East,Rahul Mitra,Spasmofirst,788,697,76487.51675682403,960.0,38.0,19493.007166517364,573.1959237684437
2024-06,FY2024-25,East,Rahul Mitra,Wokderm Plus,629,629,80750.82791958092,720.0,63.0,26816.66824785913,979.1818776297309
2024-06,FY2024-25,East,Rahul Mitra,Decdan Lite,439,370,82752.63065640246,560.0,69.0,18953.57974155166,1218.1230762264945
2024-06,FY2024-25,East,Pooja Ghosh,Spasmofirst,721,677,69061.01587475522,960.0,45.0,21737.744107222057,601.4208284492165
2024-06,FY2024-25,East,Pooja Ghosh,Wokderm Plus,493,376,64367.86152097856,720.0,26.0,25551.668916554594,2545.2480014670673
2024-06,FY2024-25,East,Pooja Ghosh,Decdan Lite,425,389,78839.91851404414,560.0,40.0,18090.58818120142,606.8769230947438
2024-06,FY2024-25,East,Manoj Roy,Spasmofirst,673,656,65749.32960519753,960.0,42.0,21805.61336882663,1319.1888594267903
2024-06,FY2024-25,East,Manoj Roy,Wokderm Plus,506,407,65041.69889352651,720.0,35.0,26699.306514333603,853.4213793027182
2024-06,FY2024-25,East,Manoj Roy,Decdan Lite,366,383,68561.61491747924,560.0,35.0,18445.89356883566,1086.608463175474
2024-06,FY2024-25,West,Sanjay Gandhi,Spasmofirst,1404,1394,134676.2946202062,1200.0,70.0,18094.554344185344,1107.0940360887807
2024-06,FY2024-25,West,Sanjay Gandhi,Wokderm Plus,1028,955,133113.14783046834,900.0,69.0,23182.198762783664,904.3187681042921
2024-06,FY2024-25,West,Sanjay Gandhi,Decdan Lite,812,892,155572.93139951653,700.0,75.0,16662.21944203485,0.0
2024-06,FY2024-25,West,Neha Shah,Spasmofirst,1175,1145,112663.77892877565,1200.0,48.0,19419.98522332775,0.0
2024-06,FY2024-25,West,Neha Shah,Wokderm Plus,872,874,114198.17345606453,900.0,45.0,25754.38684523597,824.3337531153757
2024-06,FY2024-25,West,Neha Shah,Decdan Lite,779,837,147724.55043403243,700.0,51.0,18224.26853716048,675.3029423576596
2024-06,FY2024-25,West,Vivek Desai,Spasmofirst,1169,1121,113751.23613549469,1200.0,57.0,21024.65331558099,1164.9117244872182
2024-06,FY2024-25,West,Vivek Desai,Wokderm Plus,863,832,113520.06843379141,900.0,57.0,26710.16647188211,1123.5856880027598
2024-06,FY2024-25,West,Vivek Desai,Decdan Lite,713,657,135720.06643230133,700.0,60.0,19015.30111561339,536.1603805247621
2024-06,FY2024-25,West,Rita Patel,Spasmofirst,954,995,92291.43375023424,1200.0,37.0,20402.37733344247,1419.3919732144172
2024-06,FY2024-25,West,Rita Patel,Wokderm Plus,641,694,82294.1543805714,900.0,45.0,26889.87160222535,1305.9254001176212
2024-06,FY2024-25,West,Rita Patel,Decdan Lite,553,556,103505.45186005022,700.0,50.0,17445.959015536027,1140.9720773453319
2024-06,FY2024-25,West,Ajay Thakkar,Spasmofirst,851,929,83851.37724821694,1200.0,41.0,18699.354509041652,898.6630277723132
2024-06,FY2024-25,West,Ajay Thakkar,Wokderm Plus,643,639,81373.70080982956,900.0,47.0,24662.48939165066,1006.1418628402441
2024-06,FY2024-25,West,Ajay Thakkar,Decdan Lite,528,504,98084.31229330385,700.0,37.0,18430.516637632187,652.0248531286481
2024-07,FY2024-25,North,Amit Singh,Spasmofirst,1767,1803,175692.772251512,1440.0,67.0,21934.715701053658,642.2493686871962
2024-07,FY2024-25,North,Amit Singh,Wokderm Plus,1288,1260,167429.11964980653,1080.0,63.0,28514.32373831289,1496.6968538529768
2024-07,FY2024-25,North,Amit Singh,Decdan Lite,741,921,139923.92001922586,840.0,45.0,16670.55735626472,949.7846488213224
2024-07,FY2024-25,North,Raj Kumar,Spasmofirst,1340,1464,131870.8687528139,1440.0,50.0,21077.21957456536,0.0
2024-07,FY2024-25,North,Raj Kumar,Wokderm Plus,1027,1060,131210.17333336675,1080.0,48.0,31470.6883215787,512.1207746438932
2024-07,FY2024-25,North,Raj Kumar,Decdan Lite,633,723,117083.97001144165,840.0,57.0,18172.654160305297,1344.357082739616
2024-07,FY2024-25,North,Priya Verma,Spasmofirst,1268,1278,124803.77821909815,1440.0,33.0,19577.905114280144,1285.0165438370568
2024-07,FY2024-25,North,Priya Verma,Wokderm Plus,1021,1088,131380.27079464844,1080.0,42.0,29716.69138778782,538.4263489623249
2024-07,FY2024-25,North,Priya Verma,Decdan Lite,716,725,135393.95612077785,840.0,54.0,18410.160905136225,0.0
2024-07,FY2024-25,North,Vikram Joshi,Spasmofirst,1266,1170,121384.95210002454,1440.0,50.0,20865.29355225073,0.0
2024-07,FY2024-25,North,Vikram Joshi,Wokderm Plus,943,976,120656.96655427598,1080.0,59.0,32258.566319190093,674.1093353340843
2024-07,FY2024-25,North,Vikram Joshi,Decdan Lite,551,661,102559.8830143652,840.0,55.0,16275.401859711286,0.0
2024-07,FY2024-25,North,Sunil Patel,Spasmofirst,1126,1107,109266.54973357172,1440.0,42.0,20460.051872155465,1143.9042535411306
2024-07,FY2024-25,North,Sunil Patel,Wokderm Plus,876,767,115173.54268395471,1080.0,52.0,31886.759935227015,1248.073179429532
2024-07,FY2024-25,North,Sunil Patel,Decdan Lite,506,530,94462.31579897767,840.0,36.0,17781.85796290003,1443.0758377447078
2024-07,FY2024-25,South,Ravi Menon,Spasmofirst,1562,1600,153183.250308533,1320.0,66.0,19143.62715695664,1361.369996363436
2024-07,FY2024-25,South,Ravi Menon,Wokderm Plus,1388,1302,180878.63069703517,990.0000000000001,77.0,32678.066732260086,1156.1618376810716
2024-07,FY2024-25,South,Ravi Menon,Decdan Lite,715,804,136698.99722607151,770.0000000000001,67.0,16355.425448869244,631.7287734545619
2024-07,FY2024-25,South,Lakshmi Reddy,Spasmofirst,1320,1234,130453.93918820166,1320.0,60.0,20361.390761835093,797.5484513188205
2024-07,FY2024-25,South,Lakshmi Reddy,Wokderm Plus,1342,1256,174061.77946472715,990.0000000000001,60.0,32882.00960651974,961.55747441979
2024-07,FY2024-25,South,Lakshmi Reddy,Decdan Lite,642,621,123004.91678756746,770.0000000000001,55.0,19080.255487316976,1055.084949302286
2024-07,FY2024-25,South,Krishna Rao,Spasmofirst,1279,1245,126118.08180019162,1320.0,48.0,20216.906056528067,0.0
2024-07,FY2024-25,South,Krishna Rao,Wokderm Plus,1129,994,143595.5481815387,990.0000000000001,63.0,34352.0896101703,948.6106309545426
2024-07,FY2024-25,South,Krishna Rao,Decdan Lite,620,703,115992.51843145283,770.0000000000001,65.0,17685.438627055046,503.21826360427866
2024-07,FY2024-25,South,Anita Nair,Spasmofirst,1130,1258,110802.22859266434,1320.0,52.0,20245.938351838096,1103.4876665964548
2024-07,FY2024-25,South,Anita Nair,Wokderm Plus,1026,919,134074.86358539888,990.0000000000001,57.0,31239.098014146588,0.0
2024-07,FY2024-25,South,Anita Nair,Decdan Lite,589,559,111592.48771434701,770.0000000000001,52.0,17784.716392639766,828.1927536093115
2024-07,FY2024-25,South,Suresh Kumar,Spasmofirst,955,977,93990.22726898386,1320.0,28.0,21993.3900455718,1142.5651995351914
2024-07,FY2024-25,South,Suresh Kumar,Wokderm Plus,860,817,109246.32868084162,990.0000000000001,49.0,30523.955949581527,1087.7693608621983
2024-07,FY2024-25,South,Suresh Kumar,Decdan Lite,414,412,76316.30230698938,770.0000000000001,30.0,16287.090350008879,773.0708099728124
2024-07,FY2024-25,East,Arjun Das,Spasmofirst,1270,1181,122270.2603225926,960.0,67.0,19931.875488341422,580.6015137571246
2024-07,FY2024-25,East,Arjun Das,Wokderm Plus,1090,798,142103.3507490856,720.0,67.0,29118.176047933463,2270.7081645553712
2024-07,FY2024-25,East,Arjun Das,Decdan Lite,569,544,105020.79844869435,560.0,61.0,17089.1236766592,749.5461998495061
2024-07,FY2024-25,East,Sneha Bose,Spasmofirst,854,823,83223.60461764857,960.0,51.0,18134.45440073313,0.0
2024-07,FY2024-25,East,Sneha Bose,Wokderm Plus,809,611,103723.74387486796,720.0,55.0,31626.05114663651,2104.5157585720476
2024-07,FY2024-25,East,Sneha Bose,Decdan Lite,424,480,78893.71389851633,560.0,46.0,18555.02856530667,1065.3302545716099
2024-07,FY2024-25,East,Rahul Mitra,Spasmofirst,859,765,82584.1420009449,960.0,49.0,21402.46423136455,1023.3909113743664
2024-07,FY2024-25,East,Rahul Mitra,Wokderm Plus,774,631,100676.06012472014,720.0,60.0,31522.11385839154,0.0
2024-07,FY2024-25,East,Rahul Mitra,Decdan Lite,385,381,73354.20973343872,560.0,51.0,17682.35594970423,1045.4318694069054
2024-07,FY2024-25,East,Pooja Ghosh,Spasmofirst,789,632,76405.05477611609,960.0,36.0,21027.00602275454,704.8812741507126
2024-07,FY2024-25,East,Pooja Ghosh,Wokderm Plus,634,473,82675.87249549956,720.0,49.0,31491.886237204468,2210.947399913261
2024-07,FY2024-25,East,Pooja Ghosh,Decdan Lite,340,327,65072.942220444296,560.0,52.0,16933.559252859683,787.1379580845755
2024-07,FY2024-25,East,Manoj Roy,Spasmofirst,762,670,75528.56466529205,960.0,33.0,20783.596472675214,816.7616770675266
2024-07,FY2024-25,East,Manoj Roy,Wokderm Plus,653,550,83026.38467952973,720.0,47.0,29387.597927515562,1393.9897100078704
2024-07,FY2024-25,East,Manoj Roy,Decdan Lite,336,264,62082.49019709415,560.0,,18018.744384875896,2835.5219585501995
2024-07,FY2024-25,West,Sanjay Gandhi,Spasmofirst,1502,1409,148682.25642259695,1200.0,75.0,19709.95875168246,512.607519975759
2024-07,FY2024-25,West,Sanjay Gandhi,Wokderm Plus,1261,1178,165208.3154890541,900.0,73.0,29296.32465060989,1319.0635138616562
2024-07,FY2024-25,West,Sanjay Gandhi,Decdan Lite,699,693,131190.62525193696,700.0,81.0,19157.8928317577,857.7982653254418
2024-07,FY2024-25,West,Neha Shah,Spasmofirst,1116,1114,109732.76982208769,1200.0,50.0,19391.765646328666,1248.8263369633064
2024-07,FY2024-25,West,Neha Shah,Wokderm Plus,902,814,117947.20617527347,900.0,65.0,31070.544796238533,1134.142138295737
2024-07,FY2024-25,West,Neha Shah,Decdan Lite,534,691,101086.43240229631,700.0,52.0,19213.348050874585,1142.8819100587075
2024-07,FY2024-25,West,Vivek Desai,Spasmofirst,1204,1139,115198.04393328333,1200.0,51.0,19215.785604962897,1438.3048184484828
2024-07,FY2024-25,West,Vivek Desai,Wokderm Plus,983,968,127643.84962620323,900.0,60.0,32317.076949411465,610.989469213481
2024-07,FY2024-25,West,Vivek Desai,Decdan Lite,555,673,104479.08745272695,700.0,56.0,17569.441976293478,610.7205933263157
2024-07,FY2024-25,West,Rita Patel,Spasmofirst,745,849,73678.66174193985,1200.0,40.0,21015.847614387138,518.0065556004545
2024-07,FY2024-25,West,Rita Patel,Wokderm Plus,595,566,77766.30750004963,900.0,44.0,29884.507490093314,612.5803904119371
2024-07,FY2024-25,West,Rita Patel,Decdan Lite,326,421,60622.984128301054,700.0,36.0,17284.554938736,797.2378077086172
2024-07,FY2024-25,West,Ajay Thakkar,Spasmofirst,792,837,77507.94278574768,1200.0,45.0,21569.20999255861,578.9691621908286
2024-07,FY2024-25,West,Ajay Thakkar,Wokderm Plus,637,697,80738.72257755244,900.0,41.0,28843.331231622295,0.0
2024-07,FY2024-25,West,Ajay Thakkar,Decdan Lite,438,522,83547.80157156043,700.0,42.0,18258.38046737396,930.4274103209902
2024-08,FY2024-25,North,Amit Singh,Spasmofirst,1839,1878,182117.71628788518,1440.0,84.0,20525.23021236796,1202.6337730855162
2024-08,FY2024-25,North,Amit Singh,Wokderm Plus,1291,1241,165769.66527978558,1080.0,68.0,31172.919178882905,1450.5310525862035
2024-08,FY2024-25,North,Amit Singh,Decdan Lite,813,868,153582.14375655734,840.0,67.0,17502.6711355385,545.6487455023837
2024-08,FY2024-25,North,Raj Kumar,Spasmofirst,1280,1233,125353.01411481023,1440.0,51.0,19122.7328620639,1016.572628445979
2024-08,FY2024-25,North,Raj Kumar,Wokderm Plus,1065,1020,137780.93611477164,1080.0,37.0,33948.46074645511,587.0927667957715
2024-08,FY2024-25,North,Raj Kumar,Decdan Lite,629,614,118224.14041465253,840.0,45.0,19347.201088866634,1202.2587660316642
2024-08,FY2024-25,North,Priya Verma,Spasmofirst,1442,1296,140155.3773104667,1440.0,66.0,20856.13057786743,809.3727178627821
2024-08,FY2024-25,North,Priya Verma,Wokderm Plus,1190,1129,154655.73670481,1080.0,55.0,28840.547737911907,956.236508955542
2024-08,FY2024-25,North,Priya Verma,Decdan Lite,698,655,132471.922236715,840.0,64.0,18606.86152820249,861.919990837865
2024-08,FY2024-25,North,Vikram Joshi,Spasmofirst,943,1082,93316.85131719116,1440.0,44.0,20895.89222186438,1402.4533072858417
2024-08,FY2024-25,North,Vikram Joshi,Wokderm Plus,702,803,88789.24509018277,1080.0,24.0,31162.50308623502,543.7390723089474
2024-08,FY2024-25,North,Vikram Joshi,Decdan Lite,418,373,79262.19159575226,840.0,44.0,18548.249934930984,1192.4928266692255
2024-08,FY2024-25,North,Sunil Patel,Spasmofirst,955,968,94188.825228125,1440.0,51.0,21289.689494673115,1416.6352358412073
2024-08,FY2024-25,North,Sunil Patel,Wokderm Plus,778,856,99844.82427044188,1080.0,25.0,31881.71354250146,1188.4050184921368
2024-08,FY2024-25,North,Sunil Patel,Decdan Lite,460,417,85198.31928998303,840.0,37.0,16756.055090003967,0.0
2024-08,FY2024-25,South,Ravi Menon,Spasmofirst,1756,1650,170591.1025238005,1320.0,68.0,19244.869980253578,1105.7792494526902
2024-08,FY2024-25,South,Ravi Menon,Wokderm Plus,1493,1427,189827.86319586757,990.0000000000001,66.0,31284.094486940314,884.2067129858002
2024-08,FY2024-25,South,Ravi Menon,Decdan Lite,740,725,137155.11309261844,770.0000000000001,66.0,16284.067546781469,958.5230088818907
2024-08,FY2024-25,South,Lakshmi Reddy,Spasmofirst,1259,1266,123257.9598178018,1320.0,41.0,19361.548417018024,654.1450431784871
2024-08,FY2024-25,South,Lakshmi Reddy,Wokderm Plus,1127,1291,147323.2812966549,990.0000000000001,55.0,30877.758439452653,759.3348973170945
2024-08,FY2024-25,South,Lakshmi Reddy,Decdan Lite,566,572,105374.02081619513,770.0000000000001,54.0,17450.19734050983,639.1967013456955
2024-08,FY2024-25,South,Krishna Rao,Spasmofirst,1274,1149,126668.73510508703,1320.0,52.0,21521.25904859571,1069.3773611822828
2024-08,FY2024-25,South,Krishna Rao,Wokderm Plus,1109,1053,140425.58480939618,990.0000000000001,76.0,29548.435850645063,1409.454610937242
2024-08,FY2024-25,South,Krishna Rao,Decdan Lite,546,629,101077.69472683272,770.0000000000001,55.0,19045.835259389587,1294.2106625494055
2024-08,FY2024-25,South,Anita Nair,Spasmofirst,1053,1082,102599.35931731091,1320.0,48.0,19501.31963167841,703.2230910860873
2024-08,FY2024-25,South,Anita Nair,Wokderm Plus,992,1017,127928.71628099165,990.0000000000001,26.0,31732.99393270707,1480.7393435834294
2024-08,FY2024-25,South,Anita Nair,Decdan Lite,520,579,97995.37467155285,770.0000000000001,55.0,19415.124738703496,0.0
2024-08,FY2024-25,South,Suresh Kumar,Spasmofirst,989,1092,98072.10035241861,1320.0,45.0,18076.464377719058,1187.7220424305606
2024-08,FY2024-25,South,Suresh Kumar,Wokderm Plus,873,888,111713.34131902615,990.0000000000001,53.0,29867.249202590956,1457.4480190380962
2024-08,FY2024-25,South,Suresh Kumar,Decdan Lite,444,405,81806.81957036386,770.0000000000001,50.0,18856.33026682151,1240.4761319535191
2024-08,FY2024-25,East,Arjun Das,Spasmofirst,1232,1210,121782.08333336357,960.0,60.0,19950.511238668845,0.0
2024-08,FY2024-25,East,Arjun Das,Wokderm Plus,997,885,126611.77193919389,720.0,65.0,33176.47006255764,572.3164752579386
2024-08,FY2024-25,East,Arjun Das,Decdan Lite,467,444,87751.49116344767,560.0,72.0,16380.813641270304,0.0
2024-08,FY2024-25,East,Sneha Bose,Spasmofirst,935,803,92727.68009756855,960.0,47.0,19620.410778110265,821.4957012478819
2024-08,FY2024-25,East,Sneha Bose,Wokderm Plus,835,722,108160.9103536125,720.0,65.0,28893.25424040867,1003.0839507798364
2024-08,FY2024-25,East,Sneha Bose,Decdan Lite,379,417,71734.29684215703,560.0,64.0,17070.954049135908,1322.5347943841966
2024-08,FY2024-25,East,Rahul Mitra,Spasmofirst,917,832,88589.99136729157,960.0,43.0,18535.313451998773,554.3320348229038
2024-08,FY2024-25,East,Rahul Mitra,Wokderm Plus,871,702,113289.22684616147,720.0,58.0,28516.810135136664,503.8199226585831
2024-08,FY2024-25,East,Rahul Mitra,Decdan Lite,420,397,78476.79761615569,560.0,64.0,17328.052503306517,1391.8721448107349
2024-08,FY2024-25,East,Pooja Ghosh,Spasmofirst,792,723,76872.96963029141,960.0,43.0,20530.847514994406,504.36326965030906
2024-08,FY2024-25,East,Pooja Ghosh,Wokderm Plus,749,723,97629.86929327284,720.0,49.0,29987.82630399652,0.0
2024-08,FY2024-25,East,Pooja Ghosh,Decdan Lite,398,312,76150.6563504456,560.0,49.0,18001.444124556725,2915.399210318588
2024-08,FY2024-25,East,Manoj Roy,Spasmofirst,603,610,58596.14347250835,960.0,40.0,18847.976218794633,972.2818041629816
2024-08,FY2024-25,East,Manoj Roy,Wokderm Plus,582,586,74463.26577332552,720.0,29.0,28978.75564781983,1238.5974581323308
2024-08,FY2024-25,East,Manoj Roy,Decdan Lite,249,337,46224.18619951982,560.0,35.0,17524.029555922152,0.0
2024-08,FY2024-25,West,Sanjay Gandhi,Spasmofirst,1402,1479,134041.44051048756,1200.0,62.0,19516.376194687746,519.327630917601
2024-08,FY2024-25,West,Sanjay Gandhi,Wokderm Plus,1081,1021,138915.13203859777,900.0,85.0,28187.023882048976,1463.4992408875883
2024-08,FY2024-25,West,Sanjay Gandhi,Decdan Lite,692,635,131451.84888515173,700.0,75.0,18982.517334754015,1476.0138232792137
2024-08,FY2024-25,West,Neha Shah,Spasmofirst,1089,1129,104564.482122798,1200.0,59.0,20071.842110850317,871.7392949063303
2024-08,FY2024-25,West,Neha Shah,Wokderm Plus,819,901,107654.96468734567,900.0,41.0,33419.130168649375,0.0
2024-08,FY2024-25,West,Neha Shah,Decdan Lite,598,606,112175.40908255316,700.0,39.0,16436.50149223572,746.6036349780246
2024-08,FY2024-25,West,Vivek Desai,Spasmofirst,1118,1117,111001.05509026878,1200.0,55.0,21770.897276376447,1491.3279015642206
2024-08,FY2024-25,West,Vivek Desai,Wokderm Plus,864,880,110099.95088901077,900.0,58.0,33008.26159842066,646.9627095882097
2024-08,FY2024-25,West,Vivek Desai,Decdan Lite,518,467,98010.139390047,700.0,67.0,17135.6579252742,1417.4858431319904
2024-08,FY2024-25,West,Rita Patel,Spasmofirst,919,841,91243.78168327957,1200.0,33.0,20002.414284618833,576.2392179735645
2024-08,FY2024-25,West,Rita Patel,Wokderm Plus,768,689,99256.57962461693,900.0,57.0,30830.100013809184,0.0
2024-08,FY2024-25,West,Rita Patel,Decdan Lite,393,352,72515.43345510661,700.0,49.0,17071.117669141364,696.9257044534284
2024-08,FY2024-25,West,Ajay Thakkar,Spasmofirst,948,805,92197.06118848294,1200.0,48.0,20374.243741515143,0.0
2024-08,FY2024-25,West,Ajay Thakkar,Wokderm Plus,755,708,98397.42910495434,900.0,43.0,32614.569846075025,1140.6151835488872
2024-08,FY2024-25,West,Ajay Thakkar,Decdan Lite,395,423,75026.91140585151,700.0,34.0,17996.024392329393,0.0
2024-09,FY2024-25,North,Amit Singh,Spasmofirst,1715,1794,166019.7397258379,1440.0,69.0,18381.59710925284,529.1697636452644
2024-09,FY2024-25,North,Amit Singh,Wokderm Plus,1336,1278,170888.62343645445,1080.0,68.0,30611.478909388483,1493.2550154229639
2024-09,FY2024-25,North,Amit Singh,Decdan Lite,738,834,138073.68620704318,840.0,68.0,19623.342940209175,857.1211593005028
2024-09,FY2024-25,North,Raj Kumar,Spasmofirst,1436,1275,140887.1966651936,1440.0,65.0,18961.59565157403,1418.2390866754372
2024-09,FY2024-25,North,Raj Kumar,Wokderm Plus,1077,1073,136370.686263789,1080.0,54.0,34065.3698160956,936.6141897687661
2024-09,FY2024-25,North,Raj Kumar,Decdan Lite,720,764,134110.9731109334,840.0,58.0,17470.98140976109,1446.4565131504055
2024-09,FY2024-25,North,Priya Verma,Spasmofirst,1455,1525,141848.53989100305,1440.0,62.0,18744.543591013393,1355.0302016199353
2024-09,FY2024-25,North,Priya Verma,Wokderm Plus,1107,1140,142285.55088366743,1080.0,64.0,33192.99113129949,832.1910331156046
2024-09,FY2024-25,North,Priya Verma,Decdan Lite,736,780,136367.10199649737,840.0,59.0,17216.900734932016,537.5710903989074
2024-09,FY2024-25,North,Vikram Joshi,Spasmofirst,1237,1085,122889.77098162743,1440.0,48.0,18904.501324998688,803.9425122550274
2024-09,FY2024-25,North,Vikram Joshi,Wokderm Plus,999,921,130667.07708115099,1080.0,34.0,30158.094587643947,1316.779466505636
2024-09,FY2024-25,North,Vikram Joshi,Decdan Lite,536,527,101949.93815279777,840.0,46.0,19745.490249944913,893.1952010279223
2024-09,FY2024-25,North,Sunil Patel,Spasmofirst,1032,960,101462.47447043656,1440.0,45.0,20335.09112205645,542.4222982068917
2024-09,FY2024-25,North,Sunil Patel,Wokderm Plus,790,705,102784.07866242001,1080.0,47.0,32868.78301576207,0.0
2024-09,FY2024-25,North,Sunil Patel,Decdan Lite,398,430,76079.23758029532,840.0,45.0,18771.575888645995,1420.994521096576
2024-09,FY2024-25,South,Ravi Menon,Spasmofirst,1772,1744,174892.105602442,1320.0,75.0,18780.962411825967,835.6104542698426
2024-09,FY2024-25,South,Ravi Menon,Wokderm Plus,1476,1521,192133.30062554468,990.0000000000001,75.0,31226.61720551476,663.035336931591
2024-09,FY2024-25,South,Ravi Menon,Decdan Lite,780,728,143778.4558854677,770.0000000000001,81.0,19220.39037978484,0.0
2024-09,FY2024-25,South,Lakshmi Reddy,Spasmofirst,1259,1241,123758.43714641401,1320.0,58.0,21868.141101024587,0.0
2024-09,FY2024-25,South,Lakshmi Reddy,Wokderm Plus,1319,1277,167968.0008648689,990.0000000000001,60.0,33125.02176102301,896.5536819899633
2024-09,FY2024-25,South,Lakshmi Reddy,Decdan Lite,566,515,107931.41610063381,770.0000000000001,65.0,17101.684435653,1071.7459831437486
2024-09,FY2024-25,South,Krishna Rao,Spasmofirst,1369,1334,132343.6499036371,1320.0,53.0,19227.106398088566,1121.2924490496102
2024-09,FY2024-25,South,Krishna Rao,Wokderm Plus,1160,1216,147056.33491577528,990.0000000000001,52.0,30829.792997495395,832.456157148712
2024-09,FY2024-25,South,Krishna Rao,Decdan Lite,658,640,124339.15143040314,770.0000000000001,57.0,18617.324935201945,698.9921389594368
2024-09,FY2024-25,South,Anita Nair,Spasmofirst,1070,979,106329.57875595173,1320.0,48.0,18717.45872804884,613.3035047274642
2024-09,FY2024-25,South,Anita Nair,Wokderm Plus,951,1011,122299.81705782043,990.0000000000001,56.0,30290.776049704487,764.2762631586393
2024-09,FY2024-25,South,Anita Nair,Decdan Lite,447,469,83277.24515739539,770.0000000000001,49.0,18373.09392201375,0.0
2024-09,FY2024-25,South,Suresh Kumar,Spasmofirst,847,876,82909.67398473386,1320.0,34.0,20494.595113161064,767.4020278575413
2024-09,FY2024-25,South,Suresh Kumar,Wokderm Plus,781,868,101192.32549053365,990.0000000000001,27.0,31860.426766891895,1446.7337289233956
2024-09,FY2024-25,South,Suresh Kumar,Decdan Lite,353,416,65539.74036799092,770.0000000000001,39.0,18315.309135993848,1180.1118854469728
2024-09,FY2024-25,East,Arjun Das,Spasmofirst,1146,1079,113780.11258881562,960.0,77.0,18754.162422997004,1477.0069544389435
2024-09,FY2024-25,East,Arjun Das,Wokderm Plus,986,850,128457.71995890875,720.0,67.0,33840.929149053496,758.711642155441
2024-09,FY2024-25,East,Arjun Das,Decdan Lite,610,568,113436.23315141312,560.0,64.0,16917.373211280483,1238.7231507265665
2024-09,FY2024-25,East,Sneha Bose,Spasmofirst,849,742,81328.98081783413,960.0,44.0,19835.76206638728,1106.7317247174365
2024-09,FY2024-25,East,Sneha Bose,Wokderm Plus,780,768,102361.57325313274,720.0,39.0,31979.89754907839,1237.9173933540255
2024-09,FY2024-25,East,Sneha Bose,Decdan Lite,413,367,77864.83853636931,560.0,46.0,18137.99499572057,868.4489199165789
2024-09,FY2024-25,East,Rahul Mitra,Spasmofirst,971,933,93719.65388794965,960.0,54.0,19770.182059258983,1436.2806214689267
2024-09,FY2024-25,East,Rahul Mitra,Wokderm Plus,930,786,117675.7576821255,720.0,65.0,30006.53798646446,556.176077347439
2024-09,FY2024-25,East,Rahul Mitra,Decdan Lite,447,465,83185.77840689427,560.0,56.0,16453.77100431532,1164.2193849889682
2024-09,FY2024-25,East,Pooja Ghosh,Spasmofirst,891,700,86924.6431669253,960.0,46.0,20142.215259518693,2707.578317472872
2024-09,FY2024-25,East,Pooja Ghosh,Wokderm Plus,803,782,105463.22996664954,720.0,46.0,31285.213458887247,1376.3194331423115
2024-09,FY2024-25,East,Pooja Ghosh,Decdan Lite,373,392,69228.4549073429,560.0,38.0,19291.740376205362,1337.9083748518037
2024-09,FY2024-25,East,Manoj Roy,Spasmofirst,810,580,79523.54587380325,960.0,48.0,18918.392643015875,0.0
2024-09,FY2024-25,East,Manoj Roy,Wokderm Plus,603,519,76491.23765007776,720.0,57.0,28244.556040233045,1390.8555349831468
2024-09,FY2024-25,East,Manoj Roy,Decdan Lite,310,236,58293.79248093505,560.0,,16407.835773210423,2468.4067418526683
2024-09,FY2024-25,West,Sanjay Gandhi,Spasmofirst,1432,1471,139149.62079815703,1200.0,84.0,19715.77733372058,1196.4298070361074
2024-09,FY2024-25,West,Sanjay Gandhi,Wokderm Plus,1117,1037,143585.55111150994,900.0,69.0,31453.15041509989,0.0
2024-09,FY2024-25,West,Sanjay Gandhi,Decdan Lite,707,684,130947.429346734,700.0,61.0,18691.465129287728,891.859373188026
2024-09,FY2024-25,West,Neha Shah,Spasmofirst,1102,1109,105373.99350360634,1200.0,80.0,20513.70582645835,753.272383522715
2024-09,FY2024-25,West,Neha Shah,Wokderm Plus,918,892,120014.14922596836,900.0,73.0,33258.67726812934,985.0946599795402
2024-09,FY2024-25,West,Neha Shah,Decdan Lite,617,680,114466.30370521979,700.0,52.0,17596.173923700953,1401.7740285462287
2024-09,FY2024-25,West,Vivek Desai,Spasmofirst,1075,1078,104987.58284269176,1200.0,60.0,21872.26324820304,0.0
2024-09,FY2024-25,West,Vivek Desai,Wokderm Plus,868,833,113332.74889017604,900.0,37.0,29500.695786904707,872.5332737595509
2024-09,FY2024-25,West,Vivek Desai,Decdan Lite,535,497,101422.14186601737,700.0,35.0,18564.22614499779,508.3636818768571
2024-09,FY2024-25,West,Rita Patel,Spasmofirst,946,968,92413.63765994845,1200.0,56.0,21006.987969583362,1018.0080664046249
2024-09,FY2024-25,West,Rita Patel,Wokderm Plus,756,814,98469.01999313616,900.0,57.0,29186.756287817097,1390.4095172193283
2024-09,FY2024-25,West,Rita Patel,Decdan Lite,462,449,87147.1613072783,700.0,51.0,18283.704316242987,656.4767160036006
2024-09,FY2024-25,West,Ajay Thakkar,Spasmofirst,849,846,82161.06194471187,1200.0,35.0,18966.002511971335,924.8508428680869
2024-09,FY2024-25,West,Ajay Thakkar,Wokderm Plus,617,673,78246.19624324127,900.0,33.0,33261.4434161585,1296.2414505413685
2024-09,FY2024-25,West,Ajay Thakkar,Decdan Lite,454,375,86804.81756596298,700.0,47.0,18490.94741352015,769.5118622922727
2024-10,FY2024-25,North,Amit Singh,Spasmofirst,1651,1711,161586.1481989805,1440.0,73.0,21259.758914162157,1260.8513309307818
2024-10,FY2024-25,North,Amit Singh,Wokderm Plus,1016,1157,130373.80236914971,1080.0,62.0,24661.731132016736,0.0
2024-10,FY2024-25,North,Amit Singh,Decdan Lite,1175,921,216711.08807455463,840.0,57.0,23319.010887657118,2650.5812367234957
2024-10,FY2024-25,North,Raj Kumar,Spasmofirst,1422,1404,139070.37616358534,1440.0,64.0,18269.02365586947,0.0
2024-10,FY2024-25,North,Raj Kumar,Wokderm Plus,1026,1005,133977.53385713245,1080.0,50.0,22612.129445810275,1283.7382510752363
2024-10,FY2024-25,North,Raj Kumar,Decdan Lite,1025,957,190532.99485928103,840.0,48.0,19502.127847031406,1123.7430848640092
2024-10,FY2024-25,North,Priya Verma,Spasmofirst,1389,1516,136102.5467600412,1440.0,59.0,20323.80151955272,1256.7301670685679
2024-10,FY2024-25,North,Priya Verma,Wokderm Plus,973,985,124155.77045698166,1080.0,70.0,25484.2593844388,1429.1395200154627
2024-10,FY2024-25,North,Priya Verma,Decdan Lite,945,868,181085.77943094895,840.0,62.0,22002.443506250504,0.0
2024-10,FY2024-25,North,Vikram Joshi,Spasmofirst,1171,1225,112653.35283052216,1440.0,47.0,20001.437784862243,1197.1358058918092
2024-10,FY2024-25,North,Vikram Joshi,Wokderm Plus,765,834,99221.61084611576,1080.0,39.0,26025.695727852817,1167.760591603153
2024-10,FY2024-25,North,Vikram Joshi,Decdan Lite,879,767,166483.031593641,840.0,59.0,23060.829491950935,1460.9201469288246
2024-10,FY2024-25,North,Sunil Patel,Spasmofirst,849,907,81630.83641196144,1440.0,27.0,21685.230048851903,1092.8401805081103
2024-10,FY2024-25,North,Sunil Patel,Wokderm Plus,675,680,87447.14794614632,1080.0,39.0,26904.86502819829,1159.0454101322325
2024-10,FY2024-25,North,Sunil Patel,Decdan Lite,729,556,135809.40559777772,840.0,43.0,21448.84111571417,2124.7881371965545
2024-10,FY2024-25,South,Ravi Menon,Spasmofirst,1574,1670,156153.4933696801,1320.0,70.0,18340.41394447914,571.0348890440022
2024-10,FY2024-25,South,Ravi Menon,Wokderm Plus,984,1103,125760.88829151582,990.0000000000001,54.0,26491.465986045936,799.3833737053483
2024-10,FY2024-25,South,Ravi Menon,Decdan Lite,1007,897,188120.27131213646,770.0000000000001,63.0,22351.65497918956,0.0
2024-10,FY2024-25,South,Lakshmi Reddy,Spasmofirst,1113,1188,107834.4697875103,1320.0,52.0,19209.678045114146,1303.804890483475
2024-10,FY2024-25,South,Lakshmi Reddy,Wokderm Plus,797,1014,101349.266889055,990.0000000000001,74.0,25619.99242764491,987.8343185440125
2024-10,FY2024-25,South,Lakshmi Reddy,Decdan Lite,717,636,136461.60332040396,770.0000000000001,51.0,21420.423752247814,1074.287575090211
2024-10,FY2024-25,South,Krishna Rao,Spasmofirst,1191,1286,115257.9702947262,1320.0,59.0,20152.090821455615,1489.4511309650566
2024-10,FY2024-25,South,Krishna Rao,Wokderm Plus,814,927,104961.44611131665,990.0000000000001,56.0,24915.904316568343,861.4037790671864
2024-10,FY2024-25,South,Krishna Rao,Decdan Lite,950,748,178176.47876394808,770.0000000000001,49.0,22733.770861475434,2392.838431744035
2024-10,FY2024-25,South,Anita Nair,Spasmofirst,1186,1273,116304.5046727672,1320.0,58.0,19488.69302098759,641.2235433731495
2024-10,FY2024-25,South,Anita Nair,Wokderm Plus,775,815,98850.120491494,990.0000000000001,49.0,23414.188899344084,785.7075676608904
2024-10,FY2024-25,South,Anita Nair,Decdan Lite,875,726,162064.69688321115,770.0000000000001,66.0,21027.127947971345,0.0
2024-10,FY2024-25,South,Suresh Kumar,Spasmofirst,854,871,82182.96513051816,1320.0,44.0,20691.05845764987,718.2075345521722
2024-10,FY2024-25,South,Suresh Kumar,Wokderm Plus,585,619,73957.67232535206,990.0000000000001,43.0,25636.64467545339,652.0485674244918
2024-10,FY2024-25,South,Suresh Kumar,Decdan Lite,639,488,120001.48854847337,770.0000000000001,38.0,23417.59528948019,0.0
2024-10,FY2024-25,East,Arjun Das,Spasmofirst,1111,1023,108184.14640509176,960.0,80.0,18617.968816019704,929.9852141210597
2024-10,FY2024-25,East,Arjun Das,Wokderm Plus,725,769,91768.46465048182,720.0,64.0,23522.241862321367,1010.5807574595599
2024-10,FY2024-25,East,Arjun Das,Decdan Lite,755,667,139312.3179786813,560.0,68.0,21332.931609232848,660.6795847118451
2024-10,FY2024-25,East,Sneha Bose,Spasmofirst,774,620,76142.97238867824,960.0,48.0,18446.37199982899,781.0497501668892
2024-10,FY2024-25,East,Sneha Bose,Wokderm Plus,590,570,76873.44312005815,720.0,53.0,23684.66662453324,1065.7815548409963
2024-10,FY2024-25,East,Sneha Bose,Decdan Lite,560,399,106599.73460879188,560.0,49.0,21706.85795469739,2468.8512000230294
2024-10,FY2024-25,East,Rahul Mitra,Spasmofirst,859,800,84125.91424396708,960.0,44.0,21392.436940062522,1384.8551176960043
2024-10,FY2024-25,East,Rahul Mitra,Wokderm Plus,635,667,80310.39817938289,720.0,46.0,26080.249866210725,1122.6895409497974
2024-10,FY2024-25,East,Rahul Mitra,Decdan Lite,568,390,106483.00021114123,560.0,47.0,23045.35013390431,2371.4661440103714
2024-10,FY2024-25,East,Pooja Ghosh,Spasmofirst,762,718,74136.64623210687,960.0,54.0,20006.071841400666,970.9602524347335
2024-10,FY2024-25,East,Pooja Ghosh,Wokderm Plus,601,655,78782.98435981995,720.0,56.0,22778.027608402303,0.0
2024-10,FY2024-25,East,Pooja Ghosh,Decdan Lite,601,411,114665.12358621221,560.0,66.0,23308.83150392955,2627.7561530300545
2024-10,FY2024-25,East,Manoj Roy,Spasmofirst,622,579,60261.98466669091,960.0,,18479.564373890847,1031.4549141893053
2024-10,FY2024-25,East,Manoj Roy,Wokderm Plus,439,372,56481.140607808615,720.0,41.0,23322.027645394395,0.0
2024-10,FY2024-25,East,Manoj Roy,Decdan Lite,458,401,86604.36442462709,560.0,57.0,23321.029535643032,826.7947058577774
2024-10,FY2024-25,West,Sanjay Gandhi,Spasmofirst,1314,1384,126087.98762345604,1200.0,70.0,20307.4295245308,618.7090955091114
2024-10,FY2024-25,West,Sanjay Gandhi,Wokderm Plus,972,1060,123042.96075251859,900.0,69.0,23016.325044375244,1067.9742973160805
2024-10,FY2024-25,West,Sanjay Gandhi,Decdan Lite,991,874,185073.16570418797,700.0,69.0,19657.509956507605,0.0
2024-10,FY2024-25,West,Neha Shah,Spasmofirst,1049,1058,102743.76392020716,1200.0,61.0,19436.83498793076,1320.6961607667793
2024-10,FY2024-25,West,Neha Shah,Wokderm Plus,707,727,92318.28327538073,900.0,46.0,24140.89741398806,584.6883418753068
2024-10,FY2024-25,West,Neha Shah,Decdan Lite,906,787,168339.17601849468,700.0,66.0,22998.053998435567,959.1240232866809
2024-10,FY2024-25,West,Vivek Desai,Spasmofirst,1023,1053,99868.46341757425,1200.0,57.0,18130.636243137982,907.7481050027322
2024-10,FY2024-25,West,Vivek Desai,Wokderm Plus,716,779,92593.76029380654,900.0,50.0,24588.334979084975,0.0
2024-10,FY2024-25,West,Vivek Desai,Decdan Lite,755,675,139463.03504190405,700.0,57.0,20972.15800553556,903.2077561332521
2024-10,FY2024-25,West,Rita Patel,Spasmofirst,1002,944,96154.83566071326,1200.0,45.0,20703.2917004163,570.1081396412569
2024-10,FY2024-25,West,Rita Patel,Wokderm Plus,657,677,85862.59356386724,900.0,51.0,22709.576083581287,668.2036557665182
2024-10,FY2024-25,West,Rita Patel,Decdan Lite,706,624,132670.2799041818,700.0,57.0,23476.19377320356,1135.4143568619097
2024-10,FY2024-25,West,Ajay Thakkar,Spasmofirst,798,891,77902.39324391176,1200.0,37.0,20709.752284913182,1231.496464043139
2024-10,FY2024-25,West,Ajay Thakkar,Wokderm Plus,580,582,74940.59946034203,900.0,39.0,24395.202426915177,751.1692675484013
2024-10,FY2024-25,West,Ajay Thakkar,Decdan Lite,632,678,117843.00288552258,700.0,20.0,21915.542306674146,539.2694142416523
2024-11,FY2024-25,North,Amit Singh,Spasmofirst,1700,1701,167264.09876427182,1440.0,78.0,21221.72017218392,900.212275849672
2024-11,FY2024-25,North,Amit Singh,Wokderm Plus,1061,1046,137742.25696810542,1080.0,64.0,25940.227785370644,1438.5297834731305
2024-11,FY2024-25,North,Amit Singh,Decdan Lite,1114,1167,207706.45698962972,840.0,49.0,20132.17459621851,918.1447881627996
2024-11,FY2024-25,North,Raj Kumar,Spasmofirst,1396,1364,133478.13610155613,1440.0,56.0,20646.874730575826,663.0191138148862
2024-11,FY2024-25,North,Raj Kumar,Wokderm Plus,939,955,123197.31945240923,1080.0,53.0,22696.9591684641,892.895108893179
2024-11,FY2024-25,North,Raj Kumar,Decdan Lite,986,992,187399.04921052564,840.0,58.0,20763.789794078566,0.0
2024-11,FY2024-25,North,Priya Verma,Spasmofirst,1324,1346,129318.22421370412,1440.0,63.0,19085.968010170847,874.7219705073765
2024-11,FY2024-25,North,Priya Verma,Wokderm Plus,870,906,113722.04640224614,1080.0,51.0,26528.244026816712,726.0790710105626
2024-11,FY2024-25,North,Priya Verma,Decdan Lite,916,897,174668.4624989958,840.0,33.0,20884.613093231394,1029.940586930233
2024-11,FY2024-25,North,Vikram Joshi,Spasmofirst,1019,1049,97958.58231769959,1440.0,48.0,19072.697470979652,908.4555814084827
2024-11,FY2024-25,North,Vikram Joshi,Wokderm Plus,787,735,100278.06545291883,1080.0,33.0,26930.430544067585,797.2872042813265
2024-11,FY2024-25,North,Vikram Joshi,Decdan Lite,798,757,150978.11829901199,840.0,40.0,23008.599437248595,1324.3504472493496
2024-11,FY2024-25,North,Sunil Patel,Spasmofirst,940,868,91138.49953584893,1440.0,29.0,18324.91853922669,656.2015079305993
2024-11,FY2024-25,North,Sunil Patel,Wokderm Plus,691,729,90444.35702613738,1080.0,54.0,23947.19760809744,1119.3899693665019
2024-11,FY2024-25,North,Sunil Patel,Decdan Lite,615,621,115855.4012955336,840.0,36.0,23476.75072741487,1323.2732126800302
2024-11,FY2024-25,South,Ravi Menon,Spasmofirst,1619,1553,159528.03081573604,1320.0,63.0,19012.105363681014,602.8425921574767
2024-11,FY2024-25,South,Ravi Menon,Wokderm Plus,987,1030,128221.81761760848,990.0000000000001,82.0,25912.66229768861,929.062369302666
2024-11,FY2024-25,South,Ravi Menon,Decdan Lite,1108,1030,209795.07434128269,770.0000000000001,75.0,20447.997793845094,1247.078267129029
2024-11,FY2024-25,South,Lakshmi Reddy,Spasmofirst,1173,1165,112285.9969581057,1320.0,46.0,19914.11347967809,831.9715047358454
2024-11,FY2024-25,South,Lakshmi Reddy,Wokderm Plus,897,803,115935.84103373071,990.0000000000001,68.0,23373.23592948165,1163.824474852725
2024-11,FY2024-25,South,Lakshmi Reddy,Decdan Lite,887,916,166669.1569084413,770.0000000000001,39.0,23402.598047615582,643.2814587026411
2024-11,FY2024-25,South,Krishna Rao,Spasmofirst,1267,1248,124510.0511430167,1320.0,42.0,21601.056444808284,1176.361067872724
2024-11,FY2024-25,South,Krishna Rao,Wokderm Plus,853,850,107841.15486036263,990.0000000000001,50.0,25809.17292556999,1093.4613827047237
2024-11,FY2024-25,South,Krishna Rao,Decdan Lite,830,832,156986.66547510028,770.0000000000001,66.0,21844.4188111293,634.5762671041077
2024-11,FY2024-25,South,Anita Nair,Spasmofirst,896,1026,87017.64390669427,1320.0,50.0,18472.874489164355,0.0
2024-11,FY2024-25,South,Anita Nair,Wokderm Plus,678,651,85757.88154010926,990.0000000000001,37.0,25201.4970338075,1457.631646272588
2024-11,FY2024-25,South,Anita Nair,Decdan Lite,629,728,118420.14929715195,770.0000000000001,54.0,21119.297822826684,594.9652752283765
2024-11,FY2024-25,South,Suresh Kumar,Spasmofirst,765,799,74682.5894153677,1320.0,41.0,21494.474114948865,1082.7144493446815
2024-11,FY2024-25,South,Suresh Kumar,Wokderm Plus,536,501,68874.90184337791,990.0000000000001,48.0,24076.197173247256,1132.3962564655085
2024-11,FY2024-25,South,Suresh Kumar,Decdan Lite,628,719,118948.09589233364,770.0000000000001,44.0,22694.99951804946,999.9589919647884
2024-11,FY2024-25,East,Arjun Das,Spasmofirst,1135,978,109708.77244369895,960.0,87.0,21399.837322012823,625.5497898984771
2024-11,FY2024-25,East,Arjun Das,Wokderm Plus,736,662,95101.13012074542,720.0,62.0,22930.160785164717,0.0
2024-11,FY2024-25,East,Arjun Das,Decdan Lite,815,790,153982.44101684084,560.0,86.0,20529.98752494105,1113.6379029893837
2024-11,FY2024-25,East,Sneha Bose,Spasmofirst,916,808,88827.09179257034,960.0,69.0,20563.86211239503,689.9361364575609
2024-11,FY2024-25,East,Sneha Bose,Wokderm Plus,562,577,71108.7472669681,720.0,56.0,26332.636581108138,831.352218736317
2024-11,FY2024-25,East,Sneha Bose,Decdan Lite,653,615,122268.17346565197,560.0,54.0,23478.03323490946,620.4473399965655
2024-11,FY2024-25,East,Rahul Mitra,Spasmofirst,869,755,84182.88948143885,960.0,46.0,20632.408872225973,951.7394759814438
2024-11,FY2024-25,East,Rahul Mitra,Wokderm Plus,601,533,77264.8607298766,720.0,54.0,24436.37205712421,942.0334209311236
2024-11,FY2024-25,East,Rahul Mitra,Decdan Lite,634,598,117467.62478422615,560.0,75.0,21953.102316859527,838.0844093662614
2024-11,FY2024-25,East,Pooja Ghosh,Spasmofirst,659,563,64387.086210804075,960.0,49.0,20380.918930877608,1076.9816124176818
2024-11,FY2024-25,East,Pooja Ghosh,Wokderm Plus,476,510,61565.739512218985,720.0,42.0,23981.629009499,651.4455219353573
2024-11,FY2024-25,East,Pooja Ghosh,Decdan Lite,517,484,98135.69106692726,560.0,45.0,21974.21532698542,580.1867568121133
2024-11,FY2024-25,East,Manoj Roy,Spasmofirst,669,623,64645.85137942723,960.0,,18161.142075111995,1016.2832991976741
2024-11,FY2024-25,East,Manoj Roy,Wokderm Plus,403,383,52630.96304441419,720.0,44.0,27252.664104772044,0.0
2024-11,FY2024-25,East,Manoj Roy,Decdan Lite,428,375,80884.28643468289,560.0,35.0,22029.672123325654,
2024-11,FY2024-25,West,Sanjay Gandhi,Spasmofirst,1299,1274,128276.12215173553,1200.0,66.0,21305.36324380075,853.1028889383895
2024-11,FY2024-25,West,Sanjay Gandhi,Wokderm Plus,971,982,125917.65587600628,900.0,71.0,24570.705341078334,1041.1138248788448
2024-11,FY2024-25,West,Sanjay Gandhi,Decdan Lite,990,1019,186553.82106257867,700.0,57.0,20238.50187913115,0.0
2024-11,FY2024-25,West,Neha Shah,Spasmofirst,1100,1159,106077.85456262129,1200.0,51.0,19767.33481920782,684.4590510598833
2024-11,FY2024-25,West,Neha Shah,Wokderm Plus,756,709,97125.29630132677,900.0,55.0,25058.53723557351,882.7841004030406
2024-11,FY2024-25,West,Neha Shah,Decdan Lite,859,819,158578.53252597727,700.0,57.0,21885.19959551539,1057.8736756600733
2024-11,FY2024-25,West,Vivek Desai,Spasmofirst,1127,1190,107885.21044473178,1200.0,64.0,21783.883559382397,796.6124821570932
2024-11,FY2024-25,West,Vivek Desai,Wokderm Plus,780,750,99103.7925549224,900.0,46.0,24290.698582645724,1184.3142489253446
2024-11,FY2024-25,West,Vivek Desai,Decdan Lite,846,792,159311.41414151576,700.0,51.0,19771.59482735935,0.0
2024-11,FY2024-25,West,Rita Patel,Spasmofirst,904,927,86461.83218610514,1200.0,43.0,18393.696756405476,1099.3597250421656
2024-11,FY2024-25,West,Rita Patel,Wokderm Plus,688,629,87818.05913225288,900.0,39.0,22984.828354827125,1297.5140452964858
2024-11,FY2024-25,West,Rita Patel,Decdan Lite,670,816,128020.26077089283,700.0,50.0,20951.731527425487,1492.5146201619714
2024-11,FY2024-25,West,Ajay Thakkar,Spasmofirst,726,757,70005.3949556829,1200.0,38.0,19597.33032079689,1478.2206685265583
2024-11,FY2024-25,West,Ajay Thakkar,Wokderm Plus,480,573,62491.8196724184,900.0,51.0,26663.058866630658,1366.4231835397002
2024-11,FY2024-25,West,Ajay Thakkar,Decdan Lite,449,482,84083.01426839465,700.0,41.0,21809.901953036257,1019.6116758030075
2024-12,FY2024-25,North,Amit Singh,Spasmofirst,1829,1735,177585.66449332522,1440.0,67.0,20676.87611969947,918.3895333783335
2024-12,FY2024-25,North,Amit Singh,Wokderm Plus,1106,1162,140741.95340069124,1080.0,86.0,24858.6991875922,1070.2869387313904
2024-12,FY2024-25,North,Amit Singh,Decdan Lite,1290,1188,243010.4827611016,840.0,79.0,21891.12887875424,1235.0251861898232
2024-12,FY2024-25,North,Raj Kumar,Spasmofirst,1272,1266,122836.02083512582,1440.0,56.0,19676.39789166834,1013.7078552153048
2024-12,FY2024-25,North,Raj Kumar,Wokderm Plus,901,904,115232.34092098403,1080.0,61.0,23372.046335557498,591.4219918171382
2024-12,FY2024-25,North,Raj Kumar,Decdan Lite,996,882,187308.42701462304,840.0,66.0,23313.20252458613,522.5645117053473
2024-12,FY2024-25,North,Priya Verma,Spasmofirst,1405,1381,137518.7113516925,1440.0,56.0,20999.439725153075,1072.1229637222064
2024-12,FY2024-25,North,Priya Verma,Wokderm Plus,985,897,125778.37552845808,1080.0,53.0,24032.077246755183,1087.9916294638329
2024-12,FY2024-25,North,Priya Verma,Decdan Lite,994,972,183693.00549139074,840.0,59.0,20364.457011976716,900.3128361729941
2024-12,FY2024-25,North,Vikram Joshi,Spasmofirst,894,1010,88206.29324379146,1440.0,50.0,21731.011756241252,0.0
2024-12,FY2024-25,North,Vikram Joshi,Wokderm Plus,639,748,82643.97083831698,1080.0,50.0,27158.70201658254,1220.1574609309403
2024-12,FY2024-25,North,Vikram Joshi,Decdan Lite,749,785,139364.58403147213,840.0,38.0,20393.212577565955,1359.1117576469164
2024-12,FY2024-25,North,Sunil Patel,Spasmofirst,897,952,88360.20280482355,1440.0,34.0,19642.730532041132,1476.5610233229042
2024-12,FY2024-25,North,Sunil Patel,Wokderm Plus,702,688,91579.0990919669,1080.0,43.0,26329.29321942371,1465.6389752668006
2024-12,FY2024-25,North,Sunil Patel,Decdan Lite,719,636,136339.29107901803,840.0,29.0,21619.249668011616,927.466528166689
2024-12,FY2024-25,South,Ravi Menon,Spasmofirst,1628,1582,158128.89177981965,1320.0,75.0,19076.64628396652,1283.3872199958382
2024-12,FY2024-25,South,Ravi Menon,Wokderm Plus,1110,1026,145463.8302193636,990.0000000000001,67.0,27281.45940756681,839.2406611738363
2024-12,FY2024-25,South,Ravi Menon,Decdan Lite,1061,1030,197356.63683703006,770.0000000000001,69.0,20809.192126034657,1375.4886503958965
2024-12,FY2024-25,South,Lakshmi Reddy,Spasmofirst,1123,1164,110326.05697257114,1320.0,54.0,19326.467396431337,1145.7250433510535
2024-12,FY2024-25,South,Lakshmi Reddy,Wokderm Plus,875,865,114240.31807794965,990.0000000000001,47.0,26807.09023047759,1452.3867523987246
2024-12,FY2024-25,South,Lakshmi Reddy,Decdan Lite,861,910,163800.59018150248,770.0000000000001,52.0,23148.747883662716,1205.0409063535926
2024-12,FY2024-25,South,Krishna Rao,Spasmofirst,1244,1196,123099.85613205898,1320.0,64.0,18675.43385348158,0.0
2024-12,FY2024-25,South,Krishna Rao,Wokderm Plus,911,883,116970.87794480102,990.0000000000001,60.0,25244.54815820036,1220.3839985864456
2024-12,FY2024-25,South,Krishna Rao,Decdan Lite,866,808,164860.91944157772,770.0000000000001,76.0,23023.71093175078,605.4013773964623
2024-12,FY2024-25,South,Anita Nair,Spasmofirst,1199,1062,117956.36013985823,1320.0,52.0,21545.52144784057,0.0
2024-12,FY2024-25,South,Anita Nair,Wokderm Plus,791,799,101102.52383891113,990.0000000000001,66.0,23743.958943695885,798.2724542341227
2024-12,FY2024-25,South,Anita Nair,Decdan Lite,800,716,147378.02894198266,770.0000000000001,57.0,21034.668357255763,844.0916178494422
2024-12,FY2024-25,South,Suresh Kumar,Spasmofirst,869,878,84746.21051523008,1320.0,39.0,20031.031352754275,1482.739540910386
2024-12,FY2024-25,South,Suresh Kumar,Wokderm Plus,602,547,77954.23846294571,990.0000000000001,27.0,26425.319605232155,1320.2533189448898
2024-12,FY2024-25,South,Suresh Kumar,Decdan Lite,552,522,102711.1701458843,770.0000000000001,22.0,22689.133917250932,820.8545427498436
2024-12,FY2024-25,East,Arjun Das,Spasmofirst,1168,1088,113174.02070922438,960.0,58.0,18000.908152873024,1343.879411230929
2024-12,FY2024-25,East,Arjun Das,Wokderm Plus,742,704,95452.04110824617,720.0,67.0,23095.70335998024,848.8319074586302
2024-12,FY2024-25,East,Arjun Das,Decdan Lite,825,741,152137.8343441617,560.0,68.0,22906.375708829724,944.1834068783666
2024-12,FY2024-25,East,Sneha Bose,Spasmofirst,867,883,82875.36103466424,960.0,57.0,21112.185225932797,1488.840541303663
2024-12,FY2024-25,East,Sneha Bose,Wokderm Plus,623,491,81516.34649412795,720.0,59.0,24227.897929354065,0.0
2024-12,FY2024-25,East,Sneha Bose,Decdan Lite,608,582,115739.89419492419,560.0,52.0,19442.583095766317,741.165214307762
2024-12,FY2024-25,East,Rahul Mitra,Spasmofirst,753,733,73055.89496751559,960.0,36.0,18427.202816009456,560.2269449002974
2024-12,FY2024-25,East,Rahul Mitra,Wokderm Plus,562,455,73319.14549676423,720.0,43.0,23112.489309829947,623.8460267058174
2024-12,FY2024-25,East,Rahul Mitra,Decdan Lite,585,574,111924.04193500639,560.0,57.0,20169.259224989317,513.228812905294
2024-12,FY2024-25,East,Pooja Ghosh,Spasmofirst,754,621,72894.44084438287,960.0,51.0,19508.215724006797,1044.5553246546756
2024-12,FY2024-25,East,Pooja Ghosh,Wokderm Plus,489,448,63089.44056735067,720.0,54.0,25727.671782052614,1047.0453456155778
2024-12,FY2024-25,East,Pooja Ghosh,Decdan Lite,574,416,106879.54307492376,560.0,35.0,23568.405698591236,2704.6541085050785
2024-12,FY2024-25,East,Manoj Roy,Spasmofirst,548,507,52663.17063859167,960.0,33.0,21925.03030956511,1275.2345388990561
2024-12,FY2024-25,East,Manoj Roy,Wokderm Plus,399,295,52372.903973108456,720.0,40.0,27088.236389522168,
2024-12,FY2024-25,East,Manoj Roy,Decdan Lite,400,339,75567.80409591834,560.0,28.0,22016.73776578651,882.1234944599732
2024-12,FY2024-25,West,Sanjay Gandhi,Spasmofirst,1279,1256,123704.36918361604,1200.0,61.0,20571.180282025238,1196.0798615670392
2024-12,FY2024-25,West,Sanjay Gandhi,Wokderm Plus,872,938,112348.69822427288,900.0,62.0,23049.315568703914,842.9296627591959
2024-12,FY2024-25,West,Sanjay Gandhi,Decdan Lite,952,948,179666.53578543747,700.0,65.0,20480.27248543611,580.5808122865136
2024-12,FY2024-25,West,Neha Shah,Spasmofirst,993,1022,98408.50687525069,1200.0,52.0,18492.989832530206,1426.0595598182654
2024-12,FY2024-25,West,Neha Shah,Wokderm Plus,682,727,89331.02677986032,900.0,65.0,25269.966277515654,695.4580003683999
2024-12,FY2024-25,West,Neha Shah,Decdan Lite,764,831,142821.06765442208,700.0,46.0,23552.909769480495,1097.42924257342
2024-12,FY2024-25,West,Vivek Desai,Spasmofirst,1190,1088,117156.96397426928,1200.0,57.0,21676.832124214903,842.1326001118949
2024-12,FY2024-25,West,Vivek Desai,Wokderm Plus,789,640,101177.03102627325,900.0,60.0,26310.872935908224,841.8490419172582
2024-12,FY2024-25,West,Vivek Desai,Decdan Lite,848,827,161212.61556064445,700.0,66.0,23505.086833521567,1241.6272874518888
2024-12,FY2024-25,West,Rita Patel,Spasmofirst,1044,959,102497.46586518889,1200.0,66.0,19427.929717874656,686.4198048539746
2024-12,FY2024-25,West,Rita Patel,Wokderm Plus,724,638,92618.61343840005,900.0,55.0,26243.043542909163,716.0314403930722
2024-12,FY2024-25,West,Rita Patel,Decdan Lite,728,575,138968.67086272835,700.0,68.0,20529.38683078069,2246.89973162071
2024-12,FY2024-25,West,Ajay Thakkar,Spasmofirst,743,784,72589.29881272979,1200.0,41.0,18612.578000335827,1100.2514100995832
2024-12,FY2024-25,West,Ajay Thakkar,Wokderm Plus,441,499,57226.8400070999,900.0,35.0,26578.726903130606,893.6355202774421
2024-12,FY2024-25,West,Ajay Thakkar,Decdan Lite,493,454,94004.39550630681,700.0,45.0,19820.740741819307,1347.5476330547363
2025-01,FY2024-25,North,Amit Singh,Spasmofirst,1864,1837,181996.964134701,1440.0,57.0,21674.030965441132,0.0
2025-01,FY2024-25,North,Amit Singh,Wokderm Plus,1233,1202,158645.97332043975,1080.0,74.0,31355.440657766296,1716.1982434350598
2025-01,FY2024-25,North,Amit Singh,Decdan Lite,1281,1302,241012.52977122253,840.0,83.0,23181.95648117731,1340.63307254036
2025-01,FY2024-25,North,Raj Kumar,Spasmofirst,1638,1495,160290.90634067846,1440.0,60.0,21583.307498027185,1348.0554791518884
2025-01,FY2024-25,North,Raj Kumar,Wokderm Plus,1224,1038,158017.97587669798,1080.0,64.0,26943.21748951757,0.0
2025-01,FY2024-25,North,Raj Kumar,Decdan Lite,1154,1006,217341.14566931114,840.0,55.0,24079.907602327807,1707.1741675242863
2025-01,FY2024-25,North,Priya Verma,Spasmofirst,1476,1404,143764.76030638968,1440.0,60.0,20755.21392545434,1488.7962972799512
2025-01,FY2024-25,North,Priya Verma,Wokderm Plus,979,982,126867.82779925168,1080.0,59.0,27235.506250568167,1114.9793903499863
2025-01,FY2024-25,North,Priya Verma,Decdan Lite,1040,991,197516.69957689347,840.0,56.0,22948.237480031967,0.0
2025-01,FY2024-25,North,Vikram Joshi,Spasmofirst,1068,1057,103140.38336975324,1440.0,41.0,22639.878040619216,0.0
2025-01,FY2024-25,North,Vikram Joshi,Wokderm Plus,844,854,108072.63962311517,1080.0,40.0,26447.094346019545,1759.5291572978228
2025-01,FY2024-25,North,Vikram Joshi,Decdan Lite,833,879,155175.910475184,840.0,49.0,25489.667447417578,1178.420807732319
2025-01,FY2024-25,North,Sunil Patel,Spasmofirst,1098,959,105154.66367541083,1440.0,49.0,23507.669835963523,899.6930150752263
2025-01,FY2024-25,North,Sunil Patel,Wokderm Plus,782,785,99262.25609369965,1080.0,65.0,25967.161899616953,1052.38340074421
2025-01,FY2024-25,North,Sunil Patel,Decdan Lite,872,783,164344.70643621296,840.0,44.0,26163.21295470391,1655.8052975297612
2025-01,FY2024-25,South,Ravi Menon,Spasmofirst,1802,1684,174357.55140730506,1320.0,72.0,21628.2567619613,1512.4800807449792
2025-01,FY2024-25,South,Ravi Menon,Wokderm Plus,1146,1102,147681.18663084353,990.0000000000001,74.0,26106.9196497961,1162.2683935093614
2025-01,FY2024-25,South,Ravi Menon,Decdan Lite,1146,1092,212779.84625650544,770.0000000000001,67.0,26176.695709537507,1278.4991277030458
2025-01,FY2024-25,South,Lakshmi Reddy,Spasmofirst,1243,1169,123060.02251231066,1320.0,51.0,24900.856556884646,1595.4789977140424
2025-01,FY2024-25,South,Lakshmi Reddy,Wokderm Plus,882,824,115772.21509790071,990.0000000000001,62.0,27459.508963777775,1440.9701016020883
2025-01,FY2024-25,South,Lakshmi Reddy,Decdan Lite,899,924,168160.079847273,770.0000000000001,43.0,27239.28009762775,1461.2113893521994
2025-01,FY2024-25,South,Krishna Rao,Spasmofirst,1378,1309,136340.94785906808,1320.0,70.0,21531.024690031994,862.5260500930556
2025-01,FY2024-25,South,Krishna Rao,Wokderm Plus,964,1013,124080.29529195958,990.0000000000001,53.0,26211.13342661204,1169.1703978421162
2025-01,FY2024-25,South,Krishna Rao,Decdan Lite,1038,938,195690.1304938919,770.0000000000001,58.0,26749.418150161353,1317.3696160818167
2025-01,FY2024-25,South,Anita Nair,Spasmofirst,1226,1084,120451.69055372362,1320.0,49.0,22393.950494017612,1104.8838750823402
2025-01,FY2024-25,South,Anita Nair,Wokderm Plus,885,878,115524.95485781215,990.0000000000001,65.0,30845.106032121843,1170.1300379182026
2025-01,FY2024-25,South,Anita Nair,Decdan Lite,854,830,159934.9053395473,770.0000000000001,49.0,26461.876179957162,665.5323638561628
2025-01,FY2024-25,South,Suresh Kumar,Spasmofirst,1089,987,107697.35779237714,1320.0,30.0,22102.554372171293,754.8854963170577
2025-01,FY2024-25,South,Suresh Kumar,Wokderm Plus,721,748,91767.08802514813,990.0000000000001,48.0,27847.403597392637,1182.2765469184274
2025-01,FY2024-25,South,Suresh Kumar,Decdan Lite,762,768,145950.1091096628,770.0000000000001,42.0,22605.27114038963,0.0
2025-01,FY2024-25,East,Arjun Das,Spasmofirst,1264,1019,124593.10422913931,960.0,69.0,23487.125349825626,632.5279828034796
2025-01,FY2024-25,East,Arjun Das,Wokderm Plus,797,709,102959.16913146416,720.0,72.0,28617.65450755151,1664.9094424444322
2025-01,FY2024-25,East,Arjun Das,Decdan Lite,958,782,180072.708029604,560.0,56.0,27119.675466009958,1295.7954912572698
2025-01,FY2024-25,East,Sneha Bose,Spasmofirst,909,770,87402.7417943994,960.0,48.0,22721.989532155338,910.5508900374288
2025-01,FY2024-25,East,Sneha Bose,Wokderm Plus,643,574,0.0,720.0,60.0,25910.556980185152,1738.0434633467028
2025-01,FY2024-25,East,Sneha Bose,Decdan Lite,653,542,121509.17045306746,560.0,58.0,24591.32017376769,1479.7924537641593
2025-01,FY2024-25,East,Rahul Mitra,Spasmofirst,1063,755,102270.94446330253,960.0,80.0,21745.400846374447,4067.9283194915415
2025-01,FY2024-25,East,Rahul Mitra,Wokderm Plus,740,547,94201.69405422335,720.0,70.0,28085.96592881103,3436.337028258665
2025-01,FY2024-25,East,Rahul Mitra,Decdan Lite,824,640,156749.35539572057,560.0,53.0,24862.37052670442,2421.808883882919
2025-01,FY2024-25,East,Pooja Ghosh,Spasmofirst,888,767,86819.67582310984,960.0,53.0,24692.706282962154,1461.6170137524018
2025-01,FY2024-25,East,Pooja Ghosh,Wokderm Plus,615,487,78522.59469248533,720.0,45.0,31024.445510024838,3464.2538468065054
2025-01,FY2024-25,East,Pooja Ghosh,Decdan Lite,585,484,107950.20016720307,560.0,59.0,22600.895040053616,1024.1678304728646
2025-01,FY2024-25,East,Manoj Roy,Spasmofirst,579,494,57524.88133843279,960.0,28.0,23352.10695377525,889.9215317229156
2025-01,FY2024-25,East,Manoj Roy,Wokderm Plus,383,321,48545.529095526574,720.0,40.0,29302.820234911906,853.1638687439405
2025-01,FY2024-25,East,Manoj Roy,Decdan Lite,417,377,77014.9604499604,560.0,34.0,25437.326729638844,750.7721908947768
2025-01,FY2024-25,West,Sanjay Gandhi,Spasmofirst,1411,1337,138695.26468046664,1200.0,56.0,21700.283488199286,1069.1009122093947
2025-01,FY2024-25,West,Sanjay Gandhi,Wokderm Plus,1001,904,130563.50909196577,900.0,68.0,27943.134477032636,975.401037029064
2025-01,FY2024-25,West,Sanjay Gandhi,Decdan Lite,1051,1010,196135.1129320662,700.0,66.0,25800.69961136166,964.9135631655406
2025-01,FY2024-25,West,Neha Shah,Spasmofirst,1264,1066,124191.01956198653,1200.0,66.0,24909.45289065414,1502.1577963043196
2025-01,FY2024-25,West,Neha Shah,Wokderm Plus,948,738,122679.97578615227,900.0,55.0,30986.753512184325,3916.133803983801
2025-01,FY2024-25,West,Neha Shah,Decdan Lite,883,831,165943.1281343955,700.0,49.0,24661.079553843807,1713.2948796904886
2025-01,FY2024-25,West,Vivek Desai,Spasmofirst,1256,1240,123968.49817600923,1200.0,56.0,24231.717241485952,0.0
2025-01,FY2024-25,West,Vivek Desai,Wokderm Plus,915,924,117838.41733176337,900.0,54.0,29549.037376346387,0.0
2025-01,FY2024-25,West,Vivek Desai,Decdan Lite,907,828,171731.73537097295,700.0,59.0,26305.61731546064,725.1757048222586
2025-01,FY2024-25,West,Rita Patel,Spasmofirst,926,969,91613.99372616992,1200.0,47.0,21046.2820965977,0.0
2025-01,FY2024-25,West,Rita Patel,Wokderm Plus,694,685,89114.38829985182,900.0,39.0,31297.15100840903,1601.9685428195548
2025-01,FY2024-25,West,Rita Patel,Decdan Lite,702,685,132639.76527376458,700.0,36.0,26979.579765633993,0.0
2025-01,FY2024-25,West,Ajay Thakkar,Spasmofirst,887,853,86992.20064543684,1200.0,50.0,21290.409662427595,1778.9790967214972
2025-01,FY2024-25,West,Ajay Thakkar,Wokderm Plus,626,548,81808.29292891965,900.0,39.0,26191.83382716328,1162.8299276614603
2025-01,FY2024-25,West,Ajay Thakkar,Decdan Lite,758,665,139955.96154374225,700.0,26.0,27187.71899470789,1173.440825895763
2025-02,FY2024-25,North,Amit Singh,Spasmofirst,2001,2009,193288.1129495685,1440.0,62.0,23715.345870492118,0.0
2025-02,FY2024-25,North,Amit Singh,Wokderm Plus,1247,1235,160601.1387678808,1080.0,75.0,26317.572802296098,1585.5113044474144
2025-02,FY2024-25,North,Amit Singh,Decdan Lite,1400,1338,260357.6370243323,840.0,57.0,22862.133700245315,1584.6090050785308
2025-02,FY2024-25,North,Raj Kumar,Spasmofirst,1494,1540,144746.69942539567,1440.0,67.0,23213.791260716735,0.0
2025-02,FY2024-25,North,Raj Kumar,Wokderm Plus,994,1102,126606.49870386231,1080.0,58.0,30707.00202113392,0.0
2025-02,FY2024-25,North,Raj Kumar,Decdan Lite,1091,1089,203765.74468718978,840.0,65.0,25318.649399563983,631.9300392932208
2025-02,FY2024-25,North,Priya Verma,Spasmofirst,1579,1630,155031.5890207908,1440.0,52.0,21280.106651721675,1411.4348956278468
2025-02,FY2024-25,North,Priya Verma,Wokderm Plus,1035,955,131408.93623490457,1080.0,61.0,30548.893086336353,1341.942025216464
2025-02,FY2024-25,North,Priya Verma,Decdan Lite,1159,1137,219932.26315760685,840.0,53.0,25537.742057198477,1749.5652797789448
2025-02,FY2024-25,North,Vikram Joshi,Spasmofirst,1157,1094,112782.09941068177,1440.0,37.0,24908.24076998564,773.0880253417242
2025-02,FY2024-25,North,Vikram Joshi,Wokderm Plus,809,823,104970.1672337511,1080.0,37.0,29804.719137154305,1505.7929500347973
2025-02,FY2024-25,North,Vikram Joshi,Decdan Lite,806,828,150188.8657860357,840.0,42.0,23820.652040106736,1277.5128975483856
2025-02,FY2024-25,North,Sunil Patel,Spasmofirst,1010,1064,96913.08827570389,1440.0,43.0,21476.247416631857,1143.460032498614
2025-02,FY2024-25,North,Sunil Patel,Wokderm Plus,729,703,93302.72189928219,1080.0,33.0,26409.850103260378,725.5925284157773
2025-02,FY2024-25,North,Sunil Patel,Decdan Lite,718,796,135686.2126049229,840.0,34.0,25614.117572082483,1412.5491161790767
2025-02,FY2024-25,South,Ravi Menon,Spasmofirst,1880,1897,183809.5538994582,1320.0,69.0,24528.998791828777,796.3394449659315
2025-02,FY2024-25,South,Ravi Menon,Wokderm Plus,1191,1141,155364.054415745,990.0000000000001,68.0,29501.152946152713,1125.3180659857542
2025-02,FY2024-25,South,Ravi Menon,Decdan Lite,1241,1209,235398.5075797839,770.0000000000001,69.0,23612.096206629354,0.0
2025-02,FY2024-25,South,Lakshmi Reddy,Spasmofirst,1305,1316,126001.52689096975,1320.0,65.0,21372.044201490073,882.0375585743024
2025-02,FY2024-25,South,Lakshmi Reddy,Wokderm Plus,902,849,114109.55758293113,990.0000000000001,55.0,31104.99545743673,1583.6124033365509
2025-02,FY2024-25,South,Lakshmi Reddy,Decdan Lite,910,863,174172.46386326905,770.0000000000001,53.0,26306.107883592766,1772.9258210448147
2025-02,FY2024-25,South,Krishna Rao,Spasmofirst,1449,1390,139987.4533231335,1320.0,57.0,24453.396631309955,706.07636057611
2025-02,FY2024-25,South,Krishna Rao,Wokderm Plus,983,980,125115.58997124192,990.0000000000001,56.0,26200.596954920955,1296.922300337306
2025-02,FY2024-25,South,Krishna Rao,Decdan Lite,1033,1025,195720.1484896807,770.0000000000001,69.0,25991.943758839334,1033.4592707709742
2025-02,FY2024-25,South,Anita Nair,Spasmofirst,973,965,94770.86251008337,1320.0,36.0,24363.397324050664,1663.9145298028782
2025-02,FY2024-25,South,Anita Nair,Wokderm Plus,702,717,89269.58440209004,990.0000000000001,53.0,26412.966589745927,0.0
2025-02,FY2024-25,South,Anita Nair,Decdan Lite,647,696,120696.06499555925,770.0000000000001,28.0,27124.01674422306,1636.5475475580038
2025-02,FY2024-25,South,Suresh Kumar,Spasmofirst,964,1016,93822.30268577016,1320.0,37.0,23082.87060497919,0.0
2025-02,FY2024-25,South,Suresh Kumar,Wokderm Plus,643,760,82061.18896159297,990.0000000000001,42.0,27086.88782172196,1353.6365574834442
2025-02,FY2024-25,South,Suresh Kumar,Decdan Lite,743,780,140554.95981723387,770.0000000000001,36.0,24582.08870082232,845.1077615236755
2025-02,FY2024-25,East,Arjun Das,Spasmofirst,1231,1038,121466.69761561668,960.0,83.0,23396.683294391507,830.7789273412207
2025-02,FY2024-25,East,Arjun Das,Wokderm Plus,816,752,105403.1812822612,720.0,74.0,29506.38017738792,755.2567403600411
2025-02,FY2024-25,East,Arjun Das,Decdan Lite,874,804,162388.37506215717,560.0,67.0,26959.27618382892,1102.7083497515023
2025-02,FY2024-25,East,Sneha Bose,Spasmofirst,902,807,89583.72023353132,960.0,42.0,21504.010944263482,894.5453550467165
2025-02,FY2024-25,East,Sneha Bose,Wokderm Plus,716,697,90807.21110135432,720.0,46.0,31556.080281876173,1479.1352390884786
2025-02,FY2024-25,East,Sneha Bose,Decdan Lite,655,547,121766.58761169622,560.0,48.0,22453.628566286337,1758.731797657061
2025-02,FY2024-25,East,Rahul Mitra,Spasmofirst,971,895,95771.01625931685,960.0,50.0,23563.7161561265,1042.4701865650152
2025-02,FY2024-25,East,Rahul Mitra,Wokderm Plus,679,652,88543.41560647363,720.0,53.0,28657.294271244486,1689.3134923802143
2025-02,FY2024-25,East,Rahul Mitra,Decdan Lite,644,697,119987.02352045977,560.0,55.0,25216.536996535633,620.3629551785598
2025-02,FY2024-25,East,Pooja Ghosh,Spasmofirst,674,718,66151.20872075911,960.0,40.0,24484.224355009967,0.0
2025-02,FY2024-25,East,Pooja Ghosh,Wokderm Plus,500,355,64508.308670335275,720.0,41.0,26733.94440830198,2813.7272690523987
2025-02,FY2024-25,East,Pooja Ghosh,Decdan Lite,610,511,113487.47622091605,560.0,42.0,26348.749068926434,1774.7368270255943
2025-02,FY2024-25,East,Manoj Roy,Spasmofirst,766,612,74823.1600806309,960.0,39.0,24625.110073409134,2638.1703958072344
2025-02,FY2024-25,East,Manoj Roy,Wokderm Plus,438,355,56176.7005813932,720.0,42.0,30411.255287053737,1367.0421952679517
2025-02,FY2024-25,East,Manoj Roy,Decdan Lite,521,467,98262.32534994467,560.0,38.0,23155.153938033964,1510.6417613015394
2025-02,FY2024-25,West,Sanjay Gandhi,Spasmofirst,1408,1441,137475.97527456813,1200.0,66.0,22513.276275159576,1191.5792525497068
2025-02,FY2024-25,West,Sanjay Gandhi,Wokderm Plus,1077,1044,138396.82972438785,900.0,65.0,29168.441930988374,1552.7461016587088
2025-02,FY2024-25,West,Sanjay Gandhi,Decdan Lite,937,969,179226.35905784214,700.0,63.0,23871.735244119405,1152.8073499859918
2025-02,FY2024-25,West,Neha Shah,Spasmofirst,1173,1202,114604.06858827976,1200.0,47.0,25141.382423879928,909.8721759119795
2025-02,FY2024-25,West,Neha Shah,Wokderm Plus,709,767,92226.69732337687,900.0,58.0,25996.61148425914,1531.0380782433442
2025-02,FY2024-25,West,Neha Shah,Decdan Lite,848,877,156485.62041966247,700.0,50.0,26700.00942152699,1467.220289369384
2025-02,FY2024-25,West,Vivek Desai,Spasmofirst,1215,1223,118429.47324806498,1200.0,52.0,21076.916819575472,1732.5196586544173
2025-02,FY2024-25,West,Vivek Desai,Wokderm Plus,869,877,111068.51600667661,900.0,61.0,31562.470584875216,1406.4714031940825
2025-02,FY2024-25,West,Vivek Desai,Decdan Lite,867,912,162972.6787246778,700.0,58.0,23846.733267874224,941.6096866157563
2025-02,FY2024-25,West,Rita Patel,Spasmofirst,1050,956,102937.66316055176,1200.0,46.0,22363.6639826972,0.0
2025-02,FY2024-25,West,Rita Patel,Wokderm Plus,809,765,104308.29689317876,900.0,37.0,29469.27642794754,1295.7257301149757
2025-02,FY2024-25,West,Rita Patel,Decdan Lite,770,790,146627.99614415056,700.0,43.0,23592.91723503366,905.5965190679542
2025-02,FY2024-25,West,Ajay Thakkar,Spasmofirst,841,832,83100.98869461995,1200.0,41.0,23054.91770113687,1273.913409254633
2025-02,FY2024-25,West,Ajay Thakkar,Wokderm Plus,575,544,73314.91944121462,900.0,34.0,26654.85304204205,1436.917940684631
2025-02,FY2024-25,West,Ajay Thakkar,Decdan Lite,685,722,126939.66540187364,700.0,43.0,23565.422920090557,851.1672910010502
2025-03,FY2024-25,North,Amit Singh,Spasmofirst,1883,2010,184695.92816559054,1440.0,59.0,22550.397902944296,0.0
2025-03,FY2024-25,North,Amit Singh,Wokderm Plus,1132,1093,147621.6916681042,1080.0,57.0,30493.230441888198,1039.8614248550714
2025-03,FY2024-25,North,Amit Singh,Decdan Lite,907,1081,168314.62892176834,840.0,59.0,21230.775311965204,1783.1210023499011
2025-03,FY2024-25,North,Raj Kumar,Spasmofirst,1499,1538,146468.76980312204,1440.0,59.0,21502.693037430596,1611.7738380356943
2025-03,FY2024-25,North,Raj Kumar,Wokderm Plus,1121,1088,147037.23136049812,1080.0,58.0,30132.92974700533,1328.0594423640048
2025-03,FY2024-25,North,Raj Kumar,Decdan Lite,729,851,136780.80809420216,840.0,59.0,19350.26643402027,621.6973106468225
2025-03,FY2024-25,North,Priya Verma,Spasmofirst,1537,1598,151873.3310181301,1440.0,51.0,24617.070990730463,1769.7120976034344
2025-03,FY2024-25,North,Priya Verma,Wokderm Plus,998,1061,127969.58337043897,1080.0,43.0,31213.14217388955,0.0
2025-03,FY2024-25,North,Priya Verma,Decdan Lite,801,996,149692.54709666065,840.0,51.0,22053.23288729772,1514.6250134328986
2025-03,FY2024-25,North,Vikram Joshi,Spasmofirst,1422,1339,138379.9945021441,1440.0,52.0,21356.81392867227,1742.0428876686444
2025-03,FY2024-25,North,Vikram Joshi,Wokderm Plus,927,868,118681.40301011958,1080.0,50.0,28665.28376847007,1058.8359972739534
2025-03,FY2024-25,North,Vikram Joshi,Decdan Lite,763,802,145138.57464477632,840.0,34.0,20127.720811359424,1404.872790531121
2025-03,FY2024-25,North,Sunil Patel,Spasmofirst,1029,1014,100637.25785035176,1440.0,36.0,23543.273641583808,1254.8996157353226
2025-03,FY2024-25,North,Sunil Patel,Wokderm Plus,683,657,86530.62405818468,1080.0,19.0,26091.005819877886,1245.7135969453334
2025-03,FY2024-25,North,Sunil Patel,Decdan Lite,542,569,100578.69584707907,840.0,24.0,19654.496742305226,1381.1660942622534
2025-03,FY2024-25,South,Ravi Menon,Spasmofirst,1822,1836,181055.82282038397,1320.0,68.0,23442.789446070434,608.8293955504975
2025-03,FY2024-25,South,Ravi Menon,Wokderm Plus,1208,1175,158751.7875977656,990.0000000000001,54.0,31308.84829192884,677.8791354460914
2025-03,FY2024-25,South,Ravi Menon,Decdan Lite,948,941,178714.49552038193,770.0000000000001,57.0,20107.0298300459,1204.4633215079475
2025-03,FY2024-25,South,Lakshmi Reddy,Spasmofirst,1374,1409,136173.8554912959,1320.0,64.0,25152.177003376237,1320.6417218476977
2025-03,FY2024-25,South,Lakshmi Reddy,Wokderm Plus,1057,982,137053.87569152378,990.0000000000001,45.0,29079.19804158086,935.720317064449
2025-03,FY2024-25,South,Lakshmi Reddy,Decdan Lite,719,754,136145.23898553397,770.0000000000001,41.0,20454.096892204983,1421.0508902261838
2025-03,FY2024-25,South,Krishna Rao,Spasmofirst,1395,1400,135003.76401958923,1320.0,64.0,23055.607452813856,657.3376376176865
2025-03,FY2024-25,South,Krishna Rao,Wokderm Plus,947,1013,121795.50526295957,990.0000000000001,64.0,30256.122660522804,1786.0446800658854
2025-03,FY2024-25,South,Krishna Rao,Decdan Lite,697,809,129168.93224578832,770.0000000000001,45.0,22552.91962298154,921.9446405133272
2025-03,FY2024-25,South,Anita Nair,Spasmofirst,1237,1183,120907.30493589042,1320.0,42.0,21280.2332268743,922.6338539748078
2025-03,FY2024-25,South,Anita Nair,Wokderm Plus,839,788,108400.67934128773,990.0000000000001,47.0,31445.684470822373,676.3217236533568
2025-03,FY2024-25,South,Anita Nair,Decdan Lite,552,554,102439.81546485914,770.0000000000001,39.0,18800.080990915998,918.2742270032096
2025-03,FY2024-25,South,Suresh Kumar,Spasmofirst,1110,1091,106300.15264752638,1320.0,37.0,23175.35664618314,0.0
2025-03,FY2024-25,South,Suresh Kumar,Wokderm Plus,761,773,98748.27483245308,990.0000000000001,42.0,26548.120374645707,752.2473936757119
2025-03,FY2024-25,South,Suresh Kumar,Decdan Lite,555,628,106163.72154674168,770.0000000000001,30.0,20218.141427070357,1457.6353068079463
2025-03,FY2024-25,East,Arjun Das,Spasmofirst,1266,1106,121611.29419550131,960.0,67.0,21720.185662894313,841.4102787466553
2025-03,FY2024-25,East,Arjun Das,Wokderm Plus,820,798,107280.02571242557,720.0,74.0,29803.259488628948,0.0
2025-03,FY2024-25,East,Arjun Das,Decdan Lite,648,664,123441.08406303516,560.0,66.0,19506.844340509422,824.2887557401417
2025-03,FY2024-25,East,Sneha Bose,Spasmofirst,895,859,88664.39380652214,960.0,48.0,24960.487737507287,0.0
2025-03,FY2024-25,East,Sneha Bose,Wokderm Plus,657,557,85115.65170094372,720.0,55.0,31437.13664028245,1193.7911419206555
2025-03,FY2024-25,East,Sneha Bose,Decdan Lite,426,410,79514.23362072521,560.0,51.0,20790.379823763487,610.1946943286514
2025-03,FY2024-25,East,Rahul Mitra,Spasmofirst,951,952,94410.69915269734,960.0,51.0,21545.53929161635,785.809673576946
2025-03,FY2024-25,East,Rahul Mitra,Wokderm Plus,650,498,84058.31990031831,720.0,66.0,25908.722185351176,0.0
2025-03,FY2024-25,East,Rahul Mitra,Decdan Lite,546,493,102061.93104795286,560.0,65.0,22529.489131258142,703.9437130256329
2025-03,FY2024-25,East,Pooja Ghosh,Spasmofirst,898,748,86860.38150264061,960.0,47.0,22466.48774023881,1498.7988208859483
2025-03,FY2024-25,East,Pooja Ghosh,Wokderm Plus,619,495,79957.93712593919,720.0,38.0,30515.86536683719,2680.194966645109
2025-03,FY2024-25,East,Pooja Ghosh,Decdan Lite,510,507,96841.3206386507,560.0,55.0,19655.943513634593,0.0
2025-03,FY2024-25,East,Manoj Roy,Spasmofirst,603,630,59322.73349174424,960.0,35.0,22931.3353820564,1582.03276967426
2025-03,FY2024-25,East,Manoj Roy,Wokderm Plus,402,407,51675.4966362622,720.0,51.0,26670.786119316715,
2025-03,FY2024-25,East,Manoj Roy,Decdan Lite,363,354,68070.74982627081,560.0,42.0,20677.631798441962,921.202124633157
2025-03,FY2024-25,West,Sanjay Gandhi,Spasmofirst,1550,1508,153295.03740735384,1200.0,73.0,21108.35702799867,984.743887860272
2025-03,FY2024-25,West,Sanjay Gandhi,Wokderm Plus,986,948,126281.09094143129,900.0,65.0,29165.631933616503,1016.0625134830934
2025-03,FY2024-25,West,Sanjay Gandhi,Decdan Lite,753,788,142872.1321821007,700.0,77.0,19259.197955442574,1014.7524444433907
2025-03,FY2024-25,West,Neha Shah,Spasmofirst,1214,1233,118495.57848033507,1200.0,48.0,24676.253741094228,1432.9579847714842
2025-03,FY2024-25,West,Neha Shah,Wokderm Plus,885,845,112213.85741303174,900.0,41.0,30418.255398925125,1412.4453778584123
2025-03,FY2024-25,West,Neha Shah,Decdan Lite,793,835,148143.63043062785,700.0,53.0,20994.821479491282,1054.747091775009
2025-03,FY2024-25,West,Vivek Desai,Spasmofirst,1211,1313,119977.12099047216,1200.0,58.0,21153.315516499533,1450.680007501899
2025-03,FY2024-25,West,Vivek Desai,Wokderm Plus,801,882,103071.8408907157,900.0,47.0,30315.53845181566,0.0
2025-03,FY2024-25,West,Vivek Desai,Decdan Lite,563,644,105099.48363894146,700.0,55.0,19001.361804721462,1568.7139791915004
2025-03,FY2024-25,West,Rita Patel,Spasmofirst,1025,1012,101711.4870460784,1200.0,50.0,24664.48158715622,1793.4771080214296
2025-03,FY2024-25,West,Rita Patel,Wokderm Plus,690,761,88313.256749919,900.0,34.0,26372.130665940873,0.0
2025-03,FY2024-25,West,Rita Patel,Decdan Lite,566,707,105444.63369399536,700.0,42.0,19309.22325541849,1551.4080543282328
2025-03,FY2024-25,West,Ajay Thakkar,Spasmofirst,961,934,93053.81724910253,1200.0,41.0,21219.06650477767,1363.326761572342
2025-03,FY2024-25,West,Ajay Thakkar,Wokderm Plus,585,552,75324.38223376242,900.0,41.0,28768.017939802838,1475.0882989170816
2025-03,FY2024-25,West,Ajay Thakkar,Decdan Lite,411,540,77383.03827505803,700.0,46.0,22049.177257407013,1078.1745145310572
